Created by PLY version 3.11 (http://www.dabeaz.com/ply)

Grammar

Rule 0     S' -> program
Rule 1     program -> body AMERICA_GREAT
Rule 2     program -> AMERICA_GREAT
Rule 3     body -> statement
Rule 4     body -> body statement
Rule 5     statement -> assignment
Rule 6     statement -> print_statement
Rule 7     statement -> if_statement
Rule 8     statement -> loop_statement
Rule 9     statement -> BREAK
Rule 10    assignment -> ID ASSIGN_OP_SIGN expression
Rule 11    assignment -> ID ASSIGN_OP_WORD expression
Rule 12    assignment -> MAKE ID expression
Rule 13    print_statement -> PRINT expression
Rule 14    if_statement -> IF expression LBRACE body RBRACE
Rule 15    if_statement -> IF expression LBRACE body RBRACE ELSE LBRACE body RBRACE
Rule 16    if_statement -> IF expression LBRACE body RBRACE ELSE if_statement
Rule 17    loop_statement -> AS_LONG_AS expression LBRACE body RBRACE
Rule 18    expression -> expression PLUS expression
Rule 19    expression -> expression MINUS expression
Rule 20    expression -> expression TIMES expression
Rule 21    expression -> expression OVER expression
Rule 22    expression -> expression AND expression
Rule 23    expression -> expression OR expression
Rule 24    expression -> expression EQ expression
Rule 25    expression -> expression GE expression
Rule 26    expression -> expression LE expression
Rule 27    expression -> expression GT expression
Rule 28    expression -> expression LT expression
Rule 29    expression -> expression ASSIGN_OP_WORD expression
Rule 30    expression -> NOT expression
Rule 31    expression -> expression QUESTION
Rule 32    expression -> LPAREN expression RPAREN
Rule 33    expression -> NUMBER
Rule 34    expression -> STRING
Rule 35    expression -> ID
Rule 36    expression -> FACT
Rule 37    expression -> LIE

Terminals, with rules where they appear

AMERICA_GREAT        : 1 2
AND                  : 22
ASSIGN_OP_SIGN       : 10
ASSIGN_OP_WORD       : 11 29
AS_LONG_AS           : 17
BREAK                : 9
ELSE                 : 15 16
EQ                   : 24
FACT                 : 36
GE                   : 25
GT                   : 27
ID                   : 10 11 12 35
IF                   : 14 15 16
LBRACE               : 14 15 15 16 17
LE                   : 26
LIE                  : 37
LPAREN               : 32
LT                   : 28
MAKE                 : 12
MINUS                : 19
NOT                  : 30
NUMBER               : 33
OR                   : 23
OVER                 : 21
PLUS                 : 18
PRINT                : 13
QUESTION             : 31
RBRACE               : 14 15 15 16 17
RPAREN               : 32
STRING               : 34
TIMES                : 20
error                : 

Nonterminals, with rules where they appear

assignment           : 5
body                 : 1 4 14 15 15 16 17
expression           : 10 11 12 13 14 15 16 17 18 18 19 19 20 20 21 21 22 22 23 23 24 24 25 25 26 26 27 27 28 28 29 29 30 31 32
if_statement         : 7 16
loop_statement       : 8
print_statement      : 6
program              : 0
statement            : 3 4

Parsing method: LALR

state 0

    (0) S' -> . program
    (1) program -> . body AMERICA_GREAT
    (2) program -> . AMERICA_GREAT
    (3) body -> . statement
    (4) body -> . body statement
    (5) statement -> . assignment
    (6) statement -> . print_statement
    (7) statement -> . if_statement
    (8) statement -> . loop_statement
    (9) statement -> . BREAK
    (10) assignment -> . ID ASSIGN_OP_SIGN expression
    (11) assignment -> . ID ASSIGN_OP_WORD expression
    (12) assignment -> . MAKE ID expression
    (13) print_statement -> . PRINT expression
    (14) if_statement -> . IF expression LBRACE body RBRACE
    (15) if_statement -> . IF expression LBRACE body RBRACE ELSE LBRACE body RBRACE
    (16) if_statement -> . IF expression LBRACE body RBRACE ELSE if_statement
    (17) loop_statement -> . AS_LONG_AS expression LBRACE body RBRACE

    AMERICA_GREAT   shift and go to state 3
    BREAK           shift and go to state 9
    ID              shift and go to state 10
    MAKE            shift and go to state 11
    PRINT           shift and go to state 12
    IF              shift and go to state 13
    AS_LONG_AS      shift and go to state 14

    program                        shift and go to state 1
    body                           shift and go to state 2
    statement                      shift and go to state 4
    assignment                     shift and go to state 5
    print_statement                shift and go to state 6
    if_statement                   shift and go to state 7
    loop_statement                 shift and go to state 8

state 1

    (0) S' -> program .



state 2

    (1) program -> body . AMERICA_GREAT
    (4) body -> body . statement
    (5) statement -> . assignment
    (6) statement -> . print_statement
    (7) statement -> . if_statement
    (8) statement -> . loop_statement
    (9) statement -> . BREAK
    (10) assignment -> . ID ASSIGN_OP_SIGN expression
    (11) assignment -> . ID ASSIGN_OP_WORD expression
    (12) assignment -> . MAKE ID expression
    (13) print_statement -> . PRINT expression
    (14) if_statement -> . IF expression LBRACE body RBRACE
    (15) if_statement -> . IF expression LBRACE body RBRACE ELSE LBRACE body RBRACE
    (16) if_statement -> . IF expression LBRACE body RBRACE ELSE if_statement
    (17) loop_statement -> . AS_LONG_AS expression LBRACE body RBRACE

    AMERICA_GREAT   shift and go to state 15
    BREAK           shift and go to state 9
    ID              shift and go to state 10
    MAKE            shift and go to state 11
    PRINT           shift and go to state 12
    IF              shift and go to state 13
    AS_LONG_AS      shift and go to state 14

    statement                      shift and go to state 16
    assignment                     shift and go to state 5
    print_statement                shift and go to state 6
    if_statement                   shift and go to state 7
    loop_statement                 shift and go to state 8

state 3

    (2) program -> AMERICA_GREAT .

    $end            reduce using rule 2 (program -> AMERICA_GREAT .)


state 4

    (3) body -> statement .

    AMERICA_GREAT   reduce using rule 3 (body -> statement .)
    BREAK           reduce using rule 3 (body -> statement .)
    ID              reduce using rule 3 (body -> statement .)
    MAKE            reduce using rule 3 (body -> statement .)
    PRINT           reduce using rule 3 (body -> statement .)
    IF              reduce using rule 3 (body -> statement .)
    AS_LONG_AS      reduce using rule 3 (body -> statement .)
    RBRACE          reduce using rule 3 (body -> statement .)


state 5

    (5) statement -> assignment .

    AMERICA_GREAT   reduce using rule 5 (statement -> assignment .)
    BREAK           reduce using rule 5 (statement -> assignment .)
    ID              reduce using rule 5 (statement -> assignment .)
    MAKE            reduce using rule 5 (statement -> assignment .)
    PRINT           reduce using rule 5 (statement -> assignment .)
    IF              reduce using rule 5 (statement -> assignment .)
    AS_LONG_AS      reduce using rule 5 (statement -> assignment .)
    RBRACE          reduce using rule 5 (statement -> assignment .)


state 6

    (6) statement -> print_statement .

    AMERICA_GREAT   reduce using rule 6 (statement -> print_statement .)
    BREAK           reduce using rule 6 (statement -> print_statement .)
    ID              reduce using rule 6 (statement -> print_statement .)
    MAKE            reduce using rule 6 (statement -> print_statement .)
    PRINT           reduce using rule 6 (statement -> print_statement .)
    IF              reduce using rule 6 (statement -> print_statement .)
    AS_LONG_AS      reduce using rule 6 (statement -> print_statement .)
    RBRACE          reduce using rule 6 (statement -> print_statement .)


state 7

    (7) statement -> if_statement .

    AMERICA_GREAT   reduce using rule 7 (statement -> if_statement .)
    BREAK           reduce using rule 7 (statement -> if_statement .)
    ID              reduce using rule 7 (statement -> if_statement .)
    MAKE            reduce using rule 7 (statement -> if_statement .)
    PRINT           reduce using rule 7 (statement -> if_statement .)
    IF              reduce using rule 7 (statement -> if_statement .)
    AS_LONG_AS      reduce using rule 7 (statement -> if_statement .)
    RBRACE          reduce using rule 7 (statement -> if_statement .)


state 8

    (8) statement -> loop_statement .

    AMERICA_GREAT   reduce using rule 8 (statement -> loop_statement .)
    BREAK           reduce using rule 8 (statement -> loop_statement .)
    ID              reduce using rule 8 (statement -> loop_statement .)
    MAKE            reduce using rule 8 (statement -> loop_statement .)
    PRINT           reduce using rule 8 (statement -> loop_statement .)
    IF              reduce using rule 8 (statement -> loop_statement .)
    AS_LONG_AS      reduce using rule 8 (statement -> loop_statement .)
    RBRACE          reduce using rule 8 (statement -> loop_statement .)


state 9

    (9) statement -> BREAK .

    AMERICA_GREAT   reduce using rule 9 (statement -> BREAK .)
    BREAK           reduce using rule 9 (statement -> BREAK .)
    ID              reduce using rule 9 (statement -> BREAK .)
    MAKE            reduce using rule 9 (statement -> BREAK .)
    PRINT           reduce using rule 9 (statement -> BREAK .)
    IF              reduce using rule 9 (statement -> BREAK .)
    AS_LONG_AS      reduce using rule 9 (statement -> BREAK .)
    RBRACE          reduce using rule 9 (statement -> BREAK .)


state 10

    (10) assignment -> ID . ASSIGN_OP_SIGN expression
    (11) assignment -> ID . ASSIGN_OP_WORD expression

    ASSIGN_OP_SIGN  shift and go to state 17
    ASSIGN_OP_WORD  shift and go to state 18


state 11

    (12) assignment -> MAKE . ID expression

    ID              shift and go to state 19


state 12

    (13) print_statement -> PRINT . expression
    (18) expression -> . expression PLUS expression
    (19) expression -> . expression MINUS expression
    (20) expression -> . expression TIMES expression
    (21) expression -> . expression OVER expression
    (22) expression -> . expression AND expression
    (23) expression -> . expression OR expression
    (24) expression -> . expression EQ expression
    (25) expression -> . expression GE expression
    (26) expression -> . expression LE expression
    (27) expression -> . expression GT expression
    (28) expression -> . expression LT expression
    (29) expression -> . expression ASSIGN_OP_WORD expression
    (30) expression -> . NOT expression
    (31) expression -> . expression QUESTION
    (32) expression -> . LPAREN expression RPAREN
    (33) expression -> . NUMBER
    (34) expression -> . STRING
    (35) expression -> . ID
    (36) expression -> . FACT
    (37) expression -> . LIE

    NOT             shift and go to state 21
    LPAREN          shift and go to state 22
    NUMBER          shift and go to state 23
    STRING          shift and go to state 24
    ID              shift and go to state 25
    FACT            shift and go to state 26
    LIE             shift and go to state 27

    expression                     shift and go to state 20

state 13

    (14) if_statement -> IF . expression LBRACE body RBRACE
    (15) if_statement -> IF . expression LBRACE body RBRACE ELSE LBRACE body RBRACE
    (16) if_statement -> IF . expression LBRACE body RBRACE ELSE if_statement
    (18) expression -> . expression PLUS expression
    (19) expression -> . expression MINUS expression
    (20) expression -> . expression TIMES expression
    (21) expression -> . expression OVER expression
    (22) expression -> . expression AND expression
    (23) expression -> . expression OR expression
    (24) expression -> . expression EQ expression
    (25) expression -> . expression GE expression
    (26) expression -> . expression LE expression
    (27) expression -> . expression GT expression
    (28) expression -> . expression LT expression
    (29) expression -> . expression ASSIGN_OP_WORD expression
    (30) expression -> . NOT expression
    (31) expression -> . expression QUESTION
    (32) expression -> . LPAREN expression RPAREN
    (33) expression -> . NUMBER
    (34) expression -> . STRING
    (35) expression -> . ID
    (36) expression -> . FACT
    (37) expression -> . LIE

    NOT             shift and go to state 21
    LPAREN          shift and go to state 22
    NUMBER          shift and go to state 23
    STRING          shift and go to state 24
    ID              shift and go to state 25
    FACT            shift and go to state 26
    LIE             shift and go to state 27

    expression                     shift and go to state 28

state 14

    (17) loop_statement -> AS_LONG_AS . expression LBRACE body RBRACE
    (18) expression -> . expression PLUS expression
    (19) expression -> . expression MINUS expression
    (20) expression -> . expression TIMES expression
    (21) expression -> . expression OVER expression
    (22) expression -> . expression AND expression
    (23) expression -> . expression OR expression
    (24) expression -> . expression EQ expression
    (25) expression -> . expression GE expression
    (26) expression -> . expression LE expression
    (27) expression -> . expression GT expression
    (28) expression -> . expression LT expression
    (29) expression -> . expression ASSIGN_OP_WORD expression
    (30) expression -> . NOT expression
    (31) expression -> . expression QUESTION
    (32) expression -> . LPAREN expression RPAREN
    (33) expression -> . NUMBER
    (34) expression -> . STRING
    (35) expression -> . ID
    (36) expression -> . FACT
    (37) expression -> . LIE

    NOT             shift and go to state 21
    LPAREN          shift and go to state 22
    NUMBER          shift and go to state 23
    STRING          shift and go to state 24
    ID              shift and go to state 25
    FACT            shift and go to state 26
    LIE             shift and go to state 27

    expression                     shift and go to state 29

state 15

    (1) program -> body AMERICA_GREAT .

    $end            reduce using rule 1 (program -> body AMERICA_GREAT .)


state 16

    (4) body -> body statement .

    AMERICA_GREAT   reduce using rule 4 (body -> body statement .)
    BREAK           reduce using rule 4 (body -> body statement .)
    ID              reduce using rule 4 (body -> body statement .)
    MAKE            reduce using rule 4 (body -> body statement .)
    PRINT           reduce using rule 4 (body -> body statement .)
    IF              reduce using rule 4 (body -> body statement .)
    AS_LONG_AS      reduce using rule 4 (body -> body statement .)
    RBRACE          reduce using rule 4 (body -> body statement .)


state 17

    (10) assignment -> ID ASSIGN_OP_SIGN . expression
    (18) expression -> . expression PLUS expression
    (19) expression -> . expression MINUS expression
    (20) expression -> . expression TIMES expression
    (21) expression -> . expression OVER expression
    (22) expression -> . expression AND expression
    (23) expression -> . expression OR expression
    (24) expression -> . expression EQ expression
    (25) expression -> . expression GE expression
    (26) expression -> . expression LE expression
    (27) expression -> . expression GT expression
    (28) expression -> . expression LT expression
    (29) expression -> . expression ASSIGN_OP_WORD expression
    (30) expression -> . NOT expression
    (31) expression -> . expression QUESTION
    (32) expression -> . LPAREN expression RPAREN
    (33) expression -> . NUMBER
    (34) expression -> . STRING
    (35) expression -> . ID
    (36) expression -> . FACT
    (37) expression -> . LIE

    NOT             shift and go to state 21
    LPAREN          shift and go to state 22
    NUMBER          shift and go to state 23
    STRING          shift and go to state 24
    ID              shift and go to state 25
    FACT            shift and go to state 26
    LIE             shift and go to state 27

    expression                     shift and go to state 30

state 18

    (11) assignment -> ID ASSIGN_OP_WORD . expression
    (18) expression -> . expression PLUS expression
    (19) expression -> . expression MINUS expression
    (20) expression -> . expression TIMES expression
    (21) expression -> . expression OVER expression
    (22) expression -> . expression AND expression
    (23) expression -> . expression OR expression
    (24) expression -> . expression EQ expression
    (25) expression -> . expression GE expression
    (26) expression -> . expression LE expression
    (27) expression -> . expression GT expression
    (28) expression -> . expression LT expression
    (29) expression -> . expression ASSIGN_OP_WORD expression
    (30) expression -> . NOT expression
    (31) expression -> . expression QUESTION
    (32) expression -> . LPAREN expression RPAREN
    (33) expression -> . NUMBER
    (34) expression -> . STRING
    (35) expression -> . ID
    (36) expression -> . FACT
    (37) expression -> . LIE

    NOT             shift and go to state 21
    LPAREN          shift and go to state 22
    NUMBER          shift and go to state 23
    STRING          shift and go to state 24
    ID              shift and go to state 25
    FACT            shift and go to state 26
    LIE             shift and go to state 27

    expression                     shift and go to state 31

state 19

    (12) assignment -> MAKE ID . expression
    (18) expression -> . expression PLUS expression
    (19) expression -> . expression MINUS expression
    (20) expression -> . expression TIMES expression
    (21) expression -> . expression OVER expression
    (22) expression -> . expression AND expression
    (23) expression -> . expression OR expression
    (24) expression -> . expression EQ expression
    (25) expression -> . expression GE expression
    (26) expression -> . expression LE expression
    (27) expression -> . expression GT expression
    (28) expression -> . expression LT expression
    (29) expression -> . expression ASSIGN_OP_WORD expression
    (30) expression -> . NOT expression
    (31) expression -> . expression QUESTION
    (32) expression -> . LPAREN expression RPAREN
    (33) expression -> . NUMBER
    (34) expression -> . STRING
    (35) expression -> . ID
    (36) expression -> . FACT
    (37) expression -> . LIE

    NOT             shift and go to state 21
    LPAREN          shift and go to state 22
    NUMBER          shift and go to state 23
    STRING          shift and go to state 24
    ID              shift and go to state 25
    FACT            shift and go to state 26
    LIE             shift and go to state 27

    expression                     shift and go to state 32

state 20

    (13) print_statement -> PRINT expression .
    (18) expression -> expression . PLUS expression
    (19) expression -> expression . MINUS expression
    (20) expression -> expression . TIMES expression
    (21) expression -> expression . OVER expression
    (22) expression -> expression . AND expression
    (23) expression -> expression . OR expression
    (24) expression -> expression . EQ expression
    (25) expression -> expression . GE expression
    (26) expression -> expression . LE expression
    (27) expression -> expression . GT expression
    (28) expression -> expression . LT expression
    (29) expression -> expression . ASSIGN_OP_WORD expression
    (31) expression -> expression . QUESTION

    AMERICA_GREAT   reduce using rule 13 (print_statement -> PRINT expression .)
    BREAK           reduce using rule 13 (print_statement -> PRINT expression .)
    ID              reduce using rule 13 (print_statement -> PRINT expression .)
    MAKE            reduce using rule 13 (print_statement -> PRINT expression .)
    PRINT           reduce using rule 13 (print_statement -> PRINT expression .)
    IF              reduce using rule 13 (print_statement -> PRINT expression .)
    AS_LONG_AS      reduce using rule 13 (print_statement -> PRINT expression .)
    RBRACE          reduce using rule 13 (print_statement -> PRINT expression .)
    PLUS            shift and go to state 33
    MINUS           shift and go to state 34
    TIMES           shift and go to state 35
    OVER            shift and go to state 36
    AND             shift and go to state 37
    OR              shift and go to state 38
    EQ              shift and go to state 39
    GE              shift and go to state 40
    LE              shift and go to state 41
    GT              shift and go to state 42
    LT              shift and go to state 43
    ASSIGN_OP_WORD  shift and go to state 44
    QUESTION        shift and go to state 45


state 21

    (30) expression -> NOT . expression
    (18) expression -> . expression PLUS expression
    (19) expression -> . expression MINUS expression
    (20) expression -> . expression TIMES expression
    (21) expression -> . expression OVER expression
    (22) expression -> . expression AND expression
    (23) expression -> . expression OR expression
    (24) expression -> . expression EQ expression
    (25) expression -> . expression GE expression
    (26) expression -> . expression LE expression
    (27) expression -> . expression GT expression
    (28) expression -> . expression LT expression
    (29) expression -> . expression ASSIGN_OP_WORD expression
    (30) expression -> . NOT expression
    (31) expression -> . expression QUESTION
    (32) expression -> . LPAREN expression RPAREN
    (33) expression -> . NUMBER
    (34) expression -> . STRING
    (35) expression -> . ID
    (36) expression -> . FACT
    (37) expression -> . LIE

    NOT             shift and go to state 21
    LPAREN          shift and go to state 22
    NUMBER          shift and go to state 23
    STRING          shift and go to state 24
    ID              shift and go to state 25
    FACT            shift and go to state 26
    LIE             shift and go to state 27

    expression                     shift and go to state 46

state 22

    (32) expression -> LPAREN . expression RPAREN
    (18) expression -> . expression PLUS expression
    (19) expression -> . expression MINUS expression
    (20) expression -> . expression TIMES expression
    (21) expression -> . expression OVER expression
    (22) expression -> . expression AND expression
    (23) expression -> . expression OR expression
    (24) expression -> . expression EQ expression
    (25) expression -> . expression GE expression
    (26) expression -> . expression LE expression
    (27) expression -> . expression GT expression
    (28) expression -> . expression LT expression
    (29) expression -> . expression ASSIGN_OP_WORD expression
    (30) expression -> . NOT expression
    (31) expression -> . expression QUESTION
    (32) expression -> . LPAREN expression RPAREN
    (33) expression -> . NUMBER
    (34) expression -> . STRING
    (35) expression -> . ID
    (36) expression -> . FACT
    (37) expression -> . LIE

    NOT             shift and go to state 21
    LPAREN          shift and go to state 22
    NUMBER          shift and go to state 23
    STRING          shift and go to state 24
    ID              shift and go to state 25
    FACT            shift and go to state 26
    LIE             shift and go to state 27

    expression                     shift and go to state 47

state 23

    (33) expression -> NUMBER .

    PLUS            reduce using rule 33 (expression -> NUMBER .)
    MINUS           reduce using rule 33 (expression -> NUMBER .)
    TIMES           reduce using rule 33 (expression -> NUMBER .)
    OVER            reduce using rule 33 (expression -> NUMBER .)
    AND             reduce using rule 33 (expression -> NUMBER .)
    OR              reduce using rule 33 (expression -> NUMBER .)
    EQ              reduce using rule 33 (expression -> NUMBER .)
    GE              reduce using rule 33 (expression -> NUMBER .)
    LE              reduce using rule 33 (expression -> NUMBER .)
    GT              reduce using rule 33 (expression -> NUMBER .)
    LT              reduce using rule 33 (expression -> NUMBER .)
    ASSIGN_OP_WORD  reduce using rule 33 (expression -> NUMBER .)
    QUESTION        reduce using rule 33 (expression -> NUMBER .)
    AMERICA_GREAT   reduce using rule 33 (expression -> NUMBER .)
    BREAK           reduce using rule 33 (expression -> NUMBER .)
    ID              reduce using rule 33 (expression -> NUMBER .)
    MAKE            reduce using rule 33 (expression -> NUMBER .)
    PRINT           reduce using rule 33 (expression -> NUMBER .)
    IF              reduce using rule 33 (expression -> NUMBER .)
    AS_LONG_AS      reduce using rule 33 (expression -> NUMBER .)
    RBRACE          reduce using rule 33 (expression -> NUMBER .)
    LBRACE          reduce using rule 33 (expression -> NUMBER .)
    RPAREN          reduce using rule 33 (expression -> NUMBER .)


state 24

    (34) expression -> STRING .

    PLUS            reduce using rule 34 (expression -> STRING .)
    MINUS           reduce using rule 34 (expression -> STRING .)
    TIMES           reduce using rule 34 (expression -> STRING .)
    OVER            reduce using rule 34 (expression -> STRING .)
    AND             reduce using rule 34 (expression -> STRING .)
    OR              reduce using rule 34 (expression -> STRING .)
    EQ              reduce using rule 34 (expression -> STRING .)
    GE              reduce using rule 34 (expression -> STRING .)
    LE              reduce using rule 34 (expression -> STRING .)
    GT              reduce using rule 34 (expression -> STRING .)
    LT              reduce using rule 34 (expression -> STRING .)
    ASSIGN_OP_WORD  reduce using rule 34 (expression -> STRING .)
    QUESTION        reduce using rule 34 (expression -> STRING .)
    AMERICA_GREAT   reduce using rule 34 (expression -> STRING .)
    BREAK           reduce using rule 34 (expression -> STRING .)
    ID              reduce using rule 34 (expression -> STRING .)
    MAKE            reduce using rule 34 (expression -> STRING .)
    PRINT           reduce using rule 34 (expression -> STRING .)
    IF              reduce using rule 34 (expression -> STRING .)
    AS_LONG_AS      reduce using rule 34 (expression -> STRING .)
    RBRACE          reduce using rule 34 (expression -> STRING .)
    LBRACE          reduce using rule 34 (expression -> STRING .)
    RPAREN          reduce using rule 34 (expression -> STRING .)


state 25

    (35) expression -> ID .

    PLUS            reduce using rule 35 (expression -> ID .)
    MINUS           reduce using rule 35 (expression -> ID .)
    TIMES           reduce using rule 35 (expression -> ID .)
    OVER            reduce using rule 35 (expression -> ID .)
    AND             reduce using rule 35 (expression -> ID .)
    OR              reduce using rule 35 (expression -> ID .)
    EQ              reduce using rule 35 (expression -> ID .)
    GE              reduce using rule 35 (expression -> ID .)
    LE              reduce using rule 35 (expression -> ID .)
    GT              reduce using rule 35 (expression -> ID .)
    LT              reduce using rule 35 (expression -> ID .)
    ASSIGN_OP_WORD  reduce using rule 35 (expression -> ID .)
    QUESTION        reduce using rule 35 (expression -> ID .)
    AMERICA_GREAT   reduce using rule 35 (expression -> ID .)
    BREAK           reduce using rule 35 (expression -> ID .)
    ID              reduce using rule 35 (expression -> ID .)
    MAKE            reduce using rule 35 (expression -> ID .)
    PRINT           reduce using rule 35 (expression -> ID .)
    IF              reduce using rule 35 (expression -> ID .)
    AS_LONG_AS      reduce using rule 35 (expression -> ID .)
    RBRACE          reduce using rule 35 (expression -> ID .)
    LBRACE          reduce using rule 35 (expression -> ID .)
    RPAREN          reduce using rule 35 (expression -> ID .)


state 26

    (36) expression -> FACT .

    PLUS            reduce using rule 36 (expression -> FACT .)
    MINUS           reduce using rule 36 (expression -> FACT .)
    TIMES           reduce using rule 36 (expression -> FACT .)
    OVER            reduce using rule 36 (expression -> FACT .)
    AND             reduce using rule 36 (expression -> FACT .)
    OR              reduce using rule 36 (expression -> FACT .)
    EQ              reduce using rule 36 (expression -> FACT .)
    GE              reduce using rule 36 (expression -> FACT .)
    LE              reduce using rule 36 (expression -> FACT .)
    GT              reduce using rule 36 (expression -> FACT .)
    LT              reduce using rule 36 (expression -> FACT .)
    ASSIGN_OP_WORD  reduce using rule 36 (expression -> FACT .)
    QUESTION        reduce using rule 36 (expression -> FACT .)
    AMERICA_GREAT   reduce using rule 36 (expression -> FACT .)
    BREAK           reduce using rule 36 (expression -> FACT .)
    ID              reduce using rule 36 (expression -> FACT .)
    MAKE            reduce using rule 36 (expression -> FACT .)
    PRINT           reduce using rule 36 (expression -> FACT .)
    IF              reduce using rule 36 (expression -> FACT .)
    AS_LONG_AS      reduce using rule 36 (expression -> FACT .)
    RBRACE          reduce using rule 36 (expression -> FACT .)
    LBRACE          reduce using rule 36 (expression -> FACT .)
    RPAREN          reduce using rule 36 (expression -> FACT .)


state 27

    (37) expression -> LIE .

    PLUS            reduce using rule 37 (expression -> LIE .)
    MINUS           reduce using rule 37 (expression -> LIE .)
    TIMES           reduce using rule 37 (expression -> LIE .)
    OVER            reduce using rule 37 (expression -> LIE .)
    AND             reduce using rule 37 (expression -> LIE .)
    OR              reduce using rule 37 (expression -> LIE .)
    EQ              reduce using rule 37 (expression -> LIE .)
    GE              reduce using rule 37 (expression -> LIE .)
    LE              reduce using rule 37 (expression -> LIE .)
    GT              reduce using rule 37 (expression -> LIE .)
    LT              reduce using rule 37 (expression -> LIE .)
    ASSIGN_OP_WORD  reduce using rule 37 (expression -> LIE .)
    QUESTION        reduce using rule 37 (expression -> LIE .)
    AMERICA_GREAT   reduce using rule 37 (expression -> LIE .)
    BREAK           reduce using rule 37 (expression -> LIE .)
    ID              reduce using rule 37 (expression -> LIE .)
    MAKE            reduce using rule 37 (expression -> LIE .)
    PRINT           reduce using rule 37 (expression -> LIE .)
    IF              reduce using rule 37 (expression -> LIE .)
    AS_LONG_AS      reduce using rule 37 (expression -> LIE .)
    RBRACE          reduce using rule 37 (expression -> LIE .)
    LBRACE          reduce using rule 37 (expression -> LIE .)
    RPAREN          reduce using rule 37 (expression -> LIE .)


state 28

    (14) if_statement -> IF expression . LBRACE body RBRACE
    (15) if_statement -> IF expression . LBRACE body RBRACE ELSE LBRACE body RBRACE
    (16) if_statement -> IF expression . LBRACE body RBRACE ELSE if_statement
    (18) expression -> expression . PLUS expression
    (19) expression -> expression . MINUS expression
    (20) expression -> expression . TIMES expression
    (21) expression -> expression . OVER expression
    (22) expression -> expression . AND expression
    (23) expression -> expression . OR expression
    (24) expression -> expression . EQ expression
    (25) expression -> expression . GE expression
    (26) expression -> expression . LE expression
    (27) expression -> expression . GT expression
    (28) expression -> expression . LT expression
    (29) expression -> expression . ASSIGN_OP_WORD expression
    (31) expression -> expression . QUESTION

    LBRACE          shift and go to state 48
    PLUS            shift and go to state 33
    MINUS           shift and go to state 34
    TIMES           shift and go to state 35
    OVER            shift and go to state 36
    AND             shift and go to state 37
    OR              shift and go to state 38
    EQ              shift and go to state 39
    GE              shift and go to state 40
    LE              shift and go to state 41
    GT              shift and go to state 42
    LT              shift and go to state 43
    ASSIGN_OP_WORD  shift and go to state 44
    QUESTION        shift and go to state 45


state 29

    (17) loop_statement -> AS_LONG_AS expression . LBRACE body RBRACE
    (18) expression -> expression . PLUS expression
    (19) expression -> expression . MINUS expression
    (20) expression -> expression . TIMES expression
    (21) expression -> expression . OVER expression
    (22) expression -> expression . AND expression
    (23) expression -> expression . OR expression
    (24) expression -> expression . EQ expression
    (25) expression -> expression . GE expression
    (26) expression -> expression . LE expression
    (27) expression -> expression . GT expression
    (28) expression -> expression . LT expression
    (29) expression -> expression . ASSIGN_OP_WORD expression
    (31) expression -> expression . QUESTION

    LBRACE          shift and go to state 49
    PLUS            shift and go to state 33
    MINUS           shift and go to state 34
    TIMES           shift and go to state 35
    OVER            shift and go to state 36
    AND             shift and go to state 37
    OR              shift and go to state 38
    EQ              shift and go to state 39
    GE              shift and go to state 40
    LE              shift and go to state 41
    GT              shift and go to state 42
    LT              shift and go to state 43
    ASSIGN_OP_WORD  shift and go to state 44
    QUESTION        shift and go to state 45


state 30

    (10) assignment -> ID ASSIGN_OP_SIGN expression .
    (18) expression -> expression . PLUS expression
    (19) expression -> expression . MINUS expression
    (20) expression -> expression . TIMES expression
    (21) expression -> expression . OVER expression
    (22) expression -> expression . AND expression
    (23) expression -> expression . OR expression
    (24) expression -> expression . EQ expression
    (25) expression -> expression . GE expression
    (26) expression -> expression . LE expression
    (27) expression -> expression . GT expression
    (28) expression -> expression . LT expression
    (29) expression -> expression . ASSIGN_OP_WORD expression
    (31) expression -> expression . QUESTION

    AMERICA_GREAT   reduce using rule 10 (assignment -> ID ASSIGN_OP_SIGN expression .)
    BREAK           reduce using rule 10 (assignment -> ID ASSIGN_OP_SIGN expression .)
    ID              reduce using rule 10 (assignment -> ID ASSIGN_OP_SIGN expression .)
    MAKE            reduce using rule 10 (assignment -> ID ASSIGN_OP_SIGN expression .)
    PRINT           reduce using rule 10 (assignment -> ID ASSIGN_OP_SIGN expression .)
    IF              reduce using rule 10 (assignment -> ID ASSIGN_OP_SIGN expression .)
    AS_LONG_AS      reduce using rule 10 (assignment -> ID ASSIGN_OP_SIGN expression .)
    RBRACE          reduce using rule 10 (assignment -> ID ASSIGN_OP_SIGN expression .)
    PLUS            shift and go to state 33
    MINUS           shift and go to state 34
    TIMES           shift and go to state 35
    OVER            shift and go to state 36
    AND             shift and go to state 37
    OR              shift and go to state 38
    EQ              shift and go to state 39
    GE              shift and go to state 40
    LE              shift and go to state 41
    GT              shift and go to state 42
    LT              shift and go to state 43
    ASSIGN_OP_WORD  shift and go to state 44
    QUESTION        shift and go to state 45


state 31

    (11) assignment -> ID ASSIGN_OP_WORD expression .
    (18) expression -> expression . PLUS expression
    (19) expression -> expression . MINUS expression
    (20) expression -> expression . TIMES expression
    (21) expression -> expression . OVER expression
    (22) expression -> expression . AND expression
    (23) expression -> expression . OR expression
    (24) expression -> expression . EQ expression
    (25) expression -> expression . GE expression
    (26) expression -> expression . LE expression
    (27) expression -> expression . GT expression
    (28) expression -> expression . LT expression
    (29) expression -> expression . ASSIGN_OP_WORD expression
    (31) expression -> expression . QUESTION

    AMERICA_GREAT   reduce using rule 11 (assignment -> ID ASSIGN_OP_WORD expression .)
    BREAK           reduce using rule 11 (assignment -> ID ASSIGN_OP_WORD expression .)
    ID              reduce using rule 11 (assignment -> ID ASSIGN_OP_WORD expression .)
    MAKE            reduce using rule 11 (assignment -> ID ASSIGN_OP_WORD expression .)
    PRINT           reduce using rule 11 (assignment -> ID ASSIGN_OP_WORD expression .)
    IF              reduce using rule 11 (assignment -> ID ASSIGN_OP_WORD expression .)
    AS_LONG_AS      reduce using rule 11 (assignment -> ID ASSIGN_OP_WORD expression .)
    RBRACE          reduce using rule 11 (assignment -> ID ASSIGN_OP_WORD expression .)
    PLUS            shift and go to state 33
    MINUS           shift and go to state 34
    TIMES           shift and go to state 35
    OVER            shift and go to state 36
    AND             shift and go to state 37
    OR              shift and go to state 38
    EQ              shift and go to state 39
    GE              shift and go to state 40
    LE              shift and go to state 41
    GT              shift and go to state 42
    LT              shift and go to state 43
    ASSIGN_OP_WORD  shift and go to state 44
    QUESTION        shift and go to state 45


state 32

    (12) assignment -> MAKE ID expression .
    (18) expression -> expression . PLUS expression
    (19) expression -> expression . MINUS expression
    (20) expression -> expression . TIMES expression
    (21) expression -> expression . OVER expression
    (22) expression -> expression . AND expression
    (23) expression -> expression . OR expression
    (24) expression -> expression . EQ expression
    (25) expression -> expression . GE expression
    (26) expression -> expression . LE expression
    (27) expression -> expression . GT expression
    (28) expression -> expression . LT expression
    (29) expression -> expression . ASSIGN_OP_WORD expression
    (31) expression -> expression . QUESTION

    AMERICA_GREAT   reduce using rule 12 (assignment -> MAKE ID expression .)
    BREAK           reduce using rule 12 (assignment -> MAKE ID expression .)
    ID              reduce using rule 12 (assignment -> MAKE ID expression .)
    MAKE            reduce using rule 12 (assignment -> MAKE ID expression .)
    PRINT           reduce using rule 12 (assignment -> MAKE ID expression .)
    IF              reduce using rule 12 (assignment -> MAKE ID expression .)
    AS_LONG_AS      reduce using rule 12 (assignment -> MAKE ID expression .)
    RBRACE          reduce using rule 12 (assignment -> MAKE ID expression .)
    PLUS            shift and go to state 33
    MINUS           shift and go to state 34
    TIMES           shift and go to state 35
    OVER            shift and go to state 36
    AND             shift and go to state 37
    OR              shift and go to state 38
    EQ              shift and go to state 39
    GE              shift and go to state 40
    LE              shift and go to state 41
    GT              shift and go to state 42
    LT              shift and go to state 43
    ASSIGN_OP_WORD  shift and go to state 44
    QUESTION        shift and go to state 45


state 33

    (18) expression -> expression PLUS . expression
    (18) expression -> . expression PLUS expression
    (19) expression -> . expression MINUS expression
    (20) expression -> . expression TIMES expression
    (21) expression -> . expression OVER expression
    (22) expression -> . expression AND expression
    (23) expression -> . expression OR expression
    (24) expression -> . expression EQ expression
    (25) expression -> . expression GE expression
    (26) expression -> . expression LE expression
    (27) expression -> . expression GT expression
    (28) expression -> . expression LT expression
    (29) expression -> . expression ASSIGN_OP_WORD expression
    (30) expression -> . NOT expression
    (31) expression -> . expression QUESTION
    (32) expression -> . LPAREN expression RPAREN
    (33) expression -> . NUMBER
    (34) expression -> . STRING
    (35) expression -> . ID
    (36) expression -> . FACT
    (37) expression -> . LIE

    NOT             shift and go to state 21
    LPAREN          shift and go to state 22
    NUMBER          shift and go to state 23
    STRING          shift and go to state 24
    ID              shift and go to state 25
    FACT            shift and go to state 26
    LIE             shift and go to state 27

    expression                     shift and go to state 50

state 34

    (19) expression -> expression MINUS . expression
    (18) expression -> . expression PLUS expression
    (19) expression -> . expression MINUS expression
    (20) expression -> . expression TIMES expression
    (21) expression -> . expression OVER expression
    (22) expression -> . expression AND expression
    (23) expression -> . expression OR expression
    (24) expression -> . expression EQ expression
    (25) expression -> . expression GE expression
    (26) expression -> . expression LE expression
    (27) expression -> . expression GT expression
    (28) expression -> . expression LT expression
    (29) expression -> . expression ASSIGN_OP_WORD expression
    (30) expression -> . NOT expression
    (31) expression -> . expression QUESTION
    (32) expression -> . LPAREN expression RPAREN
    (33) expression -> . NUMBER
    (34) expression -> . STRING
    (35) expression -> . ID
    (36) expression -> . FACT
    (37) expression -> . LIE

    NOT             shift and go to state 21
    LPAREN          shift and go to state 22
    NUMBER          shift and go to state 23
    STRING          shift and go to state 24
    ID              shift and go to state 25
    FACT            shift and go to state 26
    LIE             shift and go to state 27

    expression                     shift and go to state 51

state 35

    (20) expression -> expression TIMES . expression
    (18) expression -> . expression PLUS expression
    (19) expression -> . expression MINUS expression
    (20) expression -> . expression TIMES expression
    (21) expression -> . expression OVER expression
    (22) expression -> . expression AND expression
    (23) expression -> . expression OR expression
    (24) expression -> . expression EQ expression
    (25) expression -> . expression GE expression
    (26) expression -> . expression LE expression
    (27) expression -> . expression GT expression
    (28) expression -> . expression LT expression
    (29) expression -> . expression ASSIGN_OP_WORD expression
    (30) expression -> . NOT expression
    (31) expression -> . expression QUESTION
    (32) expression -> . LPAREN expression RPAREN
    (33) expression -> . NUMBER
    (34) expression -> . STRING
    (35) expression -> . ID
    (36) expression -> . FACT
    (37) expression -> . LIE

    NOT             shift and go to state 21
    LPAREN          shift and go to state 22
    NUMBER          shift and go to state 23
    STRING          shift and go to state 24
    ID              shift and go to state 25
    FACT            shift and go to state 26
    LIE             shift and go to state 27

    expression                     shift and go to state 52

state 36

    (21) expression -> expression OVER . expression
    (18) expression -> . expression PLUS expression
    (19) expression -> . expression MINUS expression
    (20) expression -> . expression TIMES expression
    (21) expression -> . expression OVER expression
    (22) expression -> . expression AND expression
    (23) expression -> . expression OR expression
    (24) expression -> . expression EQ expression
    (25) expression -> . expression GE expression
    (26) expression -> . expression LE expression
    (27) expression -> . expression GT expression
    (28) expression -> . expression LT expression
    (29) expression -> . expression ASSIGN_OP_WORD expression
    (30) expression -> . NOT expression
    (31) expression -> . expression QUESTION
    (32) expression -> . LPAREN expression RPAREN
    (33) expression -> . NUMBER
    (34) expression -> . STRING
    (35) expression -> . ID
    (36) expression -> . FACT
    (37) expression -> . LIE

    NOT             shift and go to state 21
    LPAREN          shift and go to state 22
    NUMBER          shift and go to state 23
    STRING          shift and go to state 24
    ID              shift and go to state 25
    FACT            shift and go to state 26
    LIE             shift and go to state 27

    expression                     shift and go to state 53

state 37

    (22) expression -> expression AND . expression
    (18) expression -> . expression PLUS expression
    (19) expression -> . expression MINUS expression
    (20) expression -> . expression TIMES expression
    (21) expression -> . expression OVER expression
    (22) expression -> . expression AND expression
    (23) expression -> . expression OR expression
    (24) expression -> . expression EQ expression
    (25) expression -> . expression GE expression
    (26) expression -> . expression LE expression
    (27) expression -> . expression GT expression
    (28) expression -> . expression LT expression
    (29) expression -> . expression ASSIGN_OP_WORD expression
    (30) expression -> . NOT expression
    (31) expression -> . expression QUESTION
    (32) expression -> . LPAREN expression RPAREN
    (33) expression -> . NUMBER
    (34) expression -> . STRING
    (35) expression -> . ID
    (36) expression -> . FACT
    (37) expression -> . LIE

    NOT             shift and go to state 21
    LPAREN          shift and go to state 22
    NUMBER          shift and go to state 23
    STRING          shift and go to state 24
    ID              shift and go to state 25
    FACT            shift and go to state 26
    LIE             shift and go to state 27

    expression                     shift and go to state 54

state 38

    (23) expression -> expression OR . expression
    (18) expression -> . expression PLUS expression
    (19) expression -> . expression MINUS expression
    (20) expression -> . expression TIMES expression
    (21) expression -> . expression OVER expression
    (22) expression -> . expression AND expression
    (23) expression -> . expression OR expression
    (24) expression -> . expression EQ expression
    (25) expression -> . expression GE expression
    (26) expression -> . expression LE expression
    (27) expression -> . expression GT expression
    (28) expression -> . expression LT expression
    (29) expression -> . expression ASSIGN_OP_WORD expression
    (30) expression -> . NOT expression
    (31) expression -> . expression QUESTION
    (32) expression -> . LPAREN expression RPAREN
    (33) expression -> . NUMBER
    (34) expression -> . STRING
    (35) expression -> . ID
    (36) expression -> . FACT
    (37) expression -> . LIE

    NOT             shift and go to state 21
    LPAREN          shift and go to state 22
    NUMBER          shift and go to state 23
    STRING          shift and go to state 24
    ID              shift and go to state 25
    FACT            shift and go to state 26
    LIE             shift and go to state 27

    expression                     shift and go to state 55

state 39

    (24) expression -> expression EQ . expression
    (18) expression -> . expression PLUS expression
    (19) expression -> . expression MINUS expression
    (20) expression -> . expression TIMES expression
    (21) expression -> . expression OVER expression
    (22) expression -> . expression AND expression
    (23) expression -> . expression OR expression
    (24) expression -> . expression EQ expression
    (25) expression -> . expression GE expression
    (26) expression -> . expression LE expression
    (27) expression -> . expression GT expression
    (28) expression -> . expression LT expression
    (29) expression -> . expression ASSIGN_OP_WORD expression
    (30) expression -> . NOT expression
    (31) expression -> . expression QUESTION
    (32) expression -> . LPAREN expression RPAREN
    (33) expression -> . NUMBER
    (34) expression -> . STRING
    (35) expression -> . ID
    (36) expression -> . FACT
    (37) expression -> . LIE

    NOT             shift and go to state 21
    LPAREN          shift and go to state 22
    NUMBER          shift and go to state 23
    STRING          shift and go to state 24
    ID              shift and go to state 25
    FACT            shift and go to state 26
    LIE             shift and go to state 27

    expression                     shift and go to state 56

state 40

    (25) expression -> expression GE . expression
    (18) expression -> . expression PLUS expression
    (19) expression -> . expression MINUS expression
    (20) expression -> . expression TIMES expression
    (21) expression -> . expression OVER expression
    (22) expression -> . expression AND expression
    (23) expression -> . expression OR expression
    (24) expression -> . expression EQ expression
    (25) expression -> . expression GE expression
    (26) expression -> . expression LE expression
    (27) expression -> . expression GT expression
    (28) expression -> . expression LT expression
    (29) expression -> . expression ASSIGN_OP_WORD expression
    (30) expression -> . NOT expression
    (31) expression -> . expression QUESTION
    (32) expression -> . LPAREN expression RPAREN
    (33) expression -> . NUMBER
    (34) expression -> . STRING
    (35) expression -> . ID
    (36) expression -> . FACT
    (37) expression -> . LIE

    NOT             shift and go to state 21
    LPAREN          shift and go to state 22
    NUMBER          shift and go to state 23
    STRING          shift and go to state 24
    ID              shift and go to state 25
    FACT            shift and go to state 26
    LIE             shift and go to state 27

    expression                     shift and go to state 57

state 41

    (26) expression -> expression LE . expression
    (18) expression -> . expression PLUS expression
    (19) expression -> . expression MINUS expression
    (20) expression -> . expression TIMES expression
    (21) expression -> . expression OVER expression
    (22) expression -> . expression AND expression
    (23) expression -> . expression OR expression
    (24) expression -> . expression EQ expression
    (25) expression -> . expression GE expression
    (26) expression -> . expression LE expression
    (27) expression -> . expression GT expression
    (28) expression -> . expression LT expression
    (29) expression -> . expression ASSIGN_OP_WORD expression
    (30) expression -> . NOT expression
    (31) expression -> . expression QUESTION
    (32) expression -> . LPAREN expression RPAREN
    (33) expression -> . NUMBER
    (34) expression -> . STRING
    (35) expression -> . ID
    (36) expression -> . FACT
    (37) expression -> . LIE

    NOT             shift and go to state 21
    LPAREN          shift and go to state 22
    NUMBER          shift and go to state 23
    STRING          shift and go to state 24
    ID              shift and go to state 25
    FACT            shift and go to state 26
    LIE             shift and go to state 27

    expression                     shift and go to state 58

state 42

    (27) expression -> expression GT . expression
    (18) expression -> . expression PLUS expression
    (19) expression -> . expression MINUS expression
    (20) expression -> . expression TIMES expression
    (21) expression -> . expression OVER expression
    (22) expression -> . expression AND expression
    (23) expression -> . expression OR expression
    (24) expression -> . expression EQ expression
    (25) expression -> . expression GE expression
    (26) expression -> . expression LE expression
    (27) expression -> . expression GT expression
    (28) expression -> . expression LT expression
    (29) expression -> . expression ASSIGN_OP_WORD expression
    (30) expression -> . NOT expression
    (31) expression -> . expression QUESTION
    (32) expression -> . LPAREN expression RPAREN
    (33) expression -> . NUMBER
    (34) expression -> . STRING
    (35) expression -> . ID
    (36) expression -> . FACT
    (37) expression -> . LIE

    NOT             shift and go to state 21
    LPAREN          shift and go to state 22
    NUMBER          shift and go to state 23
    STRING          shift and go to state 24
    ID              shift and go to state 25
    FACT            shift and go to state 26
    LIE             shift and go to state 27

    expression                     shift and go to state 59

state 43

    (28) expression -> expression LT . expression
    (18) expression -> . expression PLUS expression
    (19) expression -> . expression MINUS expression
    (20) expression -> . expression TIMES expression
    (21) expression -> . expression OVER expression
    (22) expression -> . expression AND expression
    (23) expression -> . expression OR expression
    (24) expression -> . expression EQ expression
    (25) expression -> . expression GE expression
    (26) expression -> . expression LE expression
    (27) expression -> . expression GT expression
    (28) expression -> . expression LT expression
    (29) expression -> . expression ASSIGN_OP_WORD expression
    (30) expression -> . NOT expression
    (31) expression -> . expression QUESTION
    (32) expression -> . LPAREN expression RPAREN
    (33) expression -> . NUMBER
    (34) expression -> . STRING
    (35) expression -> . ID
    (36) expression -> . FACT
    (37) expression -> . LIE

    NOT             shift and go to state 21
    LPAREN          shift and go to state 22
    NUMBER          shift and go to state 23
    STRING          shift and go to state 24
    ID              shift and go to state 25
    FACT            shift and go to state 26
    LIE             shift and go to state 27

    expression                     shift and go to state 60

state 44

    (29) expression -> expression ASSIGN_OP_WORD . expression
    (18) expression -> . expression PLUS expression
    (19) expression -> . expression MINUS expression
    (20) expression -> . expression TIMES expression
    (21) expression -> . expression OVER expression
    (22) expression -> . expression AND expression
    (23) expression -> . expression OR expression
    (24) expression -> . expression EQ expression
    (25) expression -> . expression GE expression
    (26) expression -> . expression LE expression
    (27) expression -> . expression GT expression
    (28) expression -> . expression LT expression
    (29) expression -> . expression ASSIGN_OP_WORD expression
    (30) expression -> . NOT expression
    (31) expression -> . expression QUESTION
    (32) expression -> . LPAREN expression RPAREN
    (33) expression -> . NUMBER
    (34) expression -> . STRING
    (35) expression -> . ID
    (36) expression -> . FACT
    (37) expression -> . LIE

    NOT             shift and go to state 21
    LPAREN          shift and go to state 22
    NUMBER          shift and go to state 23
    STRING          shift and go to state 24
    ID              shift and go to state 25
    FACT            shift and go to state 26
    LIE             shift and go to state 27

    expression                     shift and go to state 61

state 45

    (31) expression -> expression QUESTION .

    PLUS            reduce using rule 31 (expression -> expression QUESTION .)
    MINUS           reduce using rule 31 (expression -> expression QUESTION .)
    TIMES           reduce using rule 31 (expression -> expression QUESTION .)
    OVER            reduce using rule 31 (expression -> expression QUESTION .)
    AND             reduce using rule 31 (expression -> expression QUESTION .)
    OR              reduce using rule 31 (expression -> expression QUESTION .)
    EQ              reduce using rule 31 (expression -> expression QUESTION .)
    GE              reduce using rule 31 (expression -> expression QUESTION .)
    LE              reduce using rule 31 (expression -> expression QUESTION .)
    GT              reduce using rule 31 (expression -> expression QUESTION .)
    LT              reduce using rule 31 (expression -> expression QUESTION .)
    ASSIGN_OP_WORD  reduce using rule 31 (expression -> expression QUESTION .)
    QUESTION        reduce using rule 31 (expression -> expression QUESTION .)
    AMERICA_GREAT   reduce using rule 31 (expression -> expression QUESTION .)
    BREAK           reduce using rule 31 (expression -> expression QUESTION .)
    ID              reduce using rule 31 (expression -> expression QUESTION .)
    MAKE            reduce using rule 31 (expression -> expression QUESTION .)
    PRINT           reduce using rule 31 (expression -> expression QUESTION .)
    IF              reduce using rule 31 (expression -> expression QUESTION .)
    AS_LONG_AS      reduce using rule 31 (expression -> expression QUESTION .)
    RBRACE          reduce using rule 31 (expression -> expression QUESTION .)
    LBRACE          reduce using rule 31 (expression -> expression QUESTION .)
    RPAREN          reduce using rule 31 (expression -> expression QUESTION .)


state 46

    (30) expression -> NOT expression .
    (18) expression -> expression . PLUS expression
    (19) expression -> expression . MINUS expression
    (20) expression -> expression . TIMES expression
    (21) expression -> expression . OVER expression
    (22) expression -> expression . AND expression
    (23) expression -> expression . OR expression
    (24) expression -> expression . EQ expression
    (25) expression -> expression . GE expression
    (26) expression -> expression . LE expression
    (27) expression -> expression . GT expression
    (28) expression -> expression . LT expression
    (29) expression -> expression . ASSIGN_OP_WORD expression
    (31) expression -> expression . QUESTION

    AND             reduce using rule 30 (expression -> NOT expression .)
    OR              reduce using rule 30 (expression -> NOT expression .)
    QUESTION        reduce using rule 30 (expression -> NOT expression .)
    AMERICA_GREAT   reduce using rule 30 (expression -> NOT expression .)
    BREAK           reduce using rule 30 (expression -> NOT expression .)
    ID              reduce using rule 30 (expression -> NOT expression .)
    MAKE            reduce using rule 30 (expression -> NOT expression .)
    PRINT           reduce using rule 30 (expression -> NOT expression .)
    IF              reduce using rule 30 (expression -> NOT expression .)
    AS_LONG_AS      reduce using rule 30 (expression -> NOT expression .)
    RBRACE          reduce using rule 30 (expression -> NOT expression .)
    LBRACE          reduce using rule 30 (expression -> NOT expression .)
    RPAREN          reduce using rule 30 (expression -> NOT expression .)
    PLUS            shift and go to state 33
    MINUS           shift and go to state 34
    TIMES           shift and go to state 35
    OVER            shift and go to state 36
    EQ              shift and go to state 39
    GE              shift and go to state 40
    LE              shift and go to state 41
    GT              shift and go to state 42
    LT              shift and go to state 43
    ASSIGN_OP_WORD  shift and go to state 44

  ! PLUS            [ reduce using rule 30 (expression -> NOT expression .) ]
  ! MINUS           [ reduce using rule 30 (expression -> NOT expression .) ]
  ! TIMES           [ reduce using rule 30 (expression -> NOT expression .) ]
  ! OVER            [ reduce using rule 30 (expression -> NOT expression .) ]
  ! EQ              [ reduce using rule 30 (expression -> NOT expression .) ]
  ! GE              [ reduce using rule 30 (expression -> NOT expression .) ]
  ! LE              [ reduce using rule 30 (expression -> NOT expression .) ]
  ! GT              [ reduce using rule 30 (expression -> NOT expression .) ]
  ! LT              [ reduce using rule 30 (expression -> NOT expression .) ]
  ! ASSIGN_OP_WORD  [ reduce using rule 30 (expression -> NOT expression .) ]
  ! AND             [ shift and go to state 37 ]
  ! OR              [ shift and go to state 38 ]
  ! QUESTION        [ shift and go to state 45 ]


state 47

    (32) expression -> LPAREN expression . RPAREN
    (18) expression -> expression . PLUS expression
    (19) expression -> expression . MINUS expression
    (20) expression -> expression . TIMES expression
    (21) expression -> expression . OVER expression
    (22) expression -> expression . AND expression
    (23) expression -> expression . OR expression
    (24) expression -> expression . EQ expression
    (25) expression -> expression . GE expression
    (26) expression -> expression . LE expression
    (27) expression -> expression . GT expression
    (28) expression -> expression . LT expression
    (29) expression -> expression . ASSIGN_OP_WORD expression
    (31) expression -> expression . QUESTION

    RPAREN          shift and go to state 62
    PLUS            shift and go to state 33
    MINUS           shift and go to state 34
    TIMES           shift and go to state 35
    OVER            shift and go to state 36
    AND             shift and go to state 37
    OR              shift and go to state 38
    EQ              shift and go to state 39
    GE              shift and go to state 40
    LE              shift and go to state 41
    GT              shift and go to state 42
    LT              shift and go to state 43
    ASSIGN_OP_WORD  shift and go to state 44
    QUESTION        shift and go to state 45


state 48

    (14) if_statement -> IF expression LBRACE . body RBRACE
    (15) if_statement -> IF expression LBRACE . body RBRACE ELSE LBRACE body RBRACE
    (16) if_statement -> IF expression LBRACE . body RBRACE ELSE if_statement
    (3) body -> . statement
    (4) body -> . body statement
    (5) statement -> . assignment
    (6) statement -> . print_statement
    (7) statement -> . if_statement
    (8) statement -> . loop_statement
    (9) statement -> . BREAK
    (10) assignment -> . ID ASSIGN_OP_SIGN expression
    (11) assignment -> . ID ASSIGN_OP_WORD expression
    (12) assignment -> . MAKE ID expression
    (13) print_statement -> . PRINT expression
    (14) if_statement -> . IF expression LBRACE body RBRACE
    (15) if_statement -> . IF expression LBRACE body RBRACE ELSE LBRACE body RBRACE
    (16) if_statement -> . IF expression LBRACE body RBRACE ELSE if_statement
    (17) loop_statement -> . AS_LONG_AS expression LBRACE body RBRACE

    BREAK           shift and go to state 9
    ID              shift and go to state 10
    MAKE            shift and go to state 11
    PRINT           shift and go to state 12
    IF              shift and go to state 13
    AS_LONG_AS      shift and go to state 14

    body                           shift and go to state 63
    if_statement                   shift and go to state 7
    statement                      shift and go to state 4
    assignment                     shift and go to state 5
    print_statement                shift and go to state 6
    loop_statement                 shift and go to state 8

state 49

    (17) loop_statement -> AS_LONG_AS expression LBRACE . body RBRACE
    (3) body -> . statement
    (4) body -> . body statement
    (5) statement -> . assignment
    (6) statement -> . print_statement
    (7) statement -> . if_statement
    (8) statement -> . loop_statement
    (9) statement -> . BREAK
    (10) assignment -> . ID ASSIGN_OP_SIGN expression
    (11) assignment -> . ID ASSIGN_OP_WORD expression
    (12) assignment -> . MAKE ID expression
    (13) print_statement -> . PRINT expression
    (14) if_statement -> . IF expression LBRACE body RBRACE
    (15) if_statement -> . IF expression LBRACE body RBRACE ELSE LBRACE body RBRACE
    (16) if_statement -> . IF expression LBRACE body RBRACE ELSE if_statement
    (17) loop_statement -> . AS_LONG_AS expression LBRACE body RBRACE

    BREAK           shift and go to state 9
    ID              shift and go to state 10
    MAKE            shift and go to state 11
    PRINT           shift and go to state 12
    IF              shift and go to state 13
    AS_LONG_AS      shift and go to state 14

    body                           shift and go to state 64
    statement                      shift and go to state 4
    assignment                     shift and go to state 5
    print_statement                shift and go to state 6
    if_statement                   shift and go to state 7
    loop_statement                 shift and go to state 8

state 50

    (18) expression -> expression PLUS expression .
    (18) expression -> expression . PLUS expression
    (19) expression -> expression . MINUS expression
    (20) expression -> expression . TIMES expression
    (21) expression -> expression . OVER expression
    (22) expression -> expression . AND expression
    (23) expression -> expression . OR expression
    (24) expression -> expression . EQ expression
    (25) expression -> expression . GE expression
    (26) expression -> expression . LE expression
    (27) expression -> expression . GT expression
    (28) expression -> expression . LT expression
    (29) expression -> expression . ASSIGN_OP_WORD expression
    (31) expression -> expression . QUESTION

    PLUS            reduce using rule 18 (expression -> expression PLUS expression .)
    MINUS           reduce using rule 18 (expression -> expression PLUS expression .)
    AND             reduce using rule 18 (expression -> expression PLUS expression .)
    OR              reduce using rule 18 (expression -> expression PLUS expression .)
    EQ              reduce using rule 18 (expression -> expression PLUS expression .)
    GE              reduce using rule 18 (expression -> expression PLUS expression .)
    LE              reduce using rule 18 (expression -> expression PLUS expression .)
    GT              reduce using rule 18 (expression -> expression PLUS expression .)
    LT              reduce using rule 18 (expression -> expression PLUS expression .)
    ASSIGN_OP_WORD  reduce using rule 18 (expression -> expression PLUS expression .)
    QUESTION        reduce using rule 18 (expression -> expression PLUS expression .)
    AMERICA_GREAT   reduce using rule 18 (expression -> expression PLUS expression .)
    BREAK           reduce using rule 18 (expression -> expression PLUS expression .)
    ID              reduce using rule 18 (expression -> expression PLUS expression .)
    MAKE            reduce using rule 18 (expression -> expression PLUS expression .)
    PRINT           reduce using rule 18 (expression -> expression PLUS expression .)
    IF              reduce using rule 18 (expression -> expression PLUS expression .)
    AS_LONG_AS      reduce using rule 18 (expression -> expression PLUS expression .)
    RBRACE          reduce using rule 18 (expression -> expression PLUS expression .)
    LBRACE          reduce using rule 18 (expression -> expression PLUS expression .)
    RPAREN          reduce using rule 18 (expression -> expression PLUS expression .)
    TIMES           shift and go to state 35
    OVER            shift and go to state 36

  ! TIMES           [ reduce using rule 18 (expression -> expression PLUS expression .) ]
  ! OVER            [ reduce using rule 18 (expression -> expression PLUS expression .) ]
  ! PLUS            [ shift and go to state 33 ]
  ! MINUS           [ shift and go to state 34 ]
  ! AND             [ shift and go to state 37 ]
  ! OR              [ shift and go to state 38 ]
  ! EQ              [ shift and go to state 39 ]
  ! GE              [ shift and go to state 40 ]
  ! LE              [ shift and go to state 41 ]
  ! GT              [ shift and go to state 42 ]
  ! LT              [ shift and go to state 43 ]
  ! ASSIGN_OP_WORD  [ shift and go to state 44 ]
  ! QUESTION        [ shift and go to state 45 ]


state 51

    (19) expression -> expression MINUS expression .
    (18) expression -> expression . PLUS expression
    (19) expression -> expression . MINUS expression
    (20) expression -> expression . TIMES expression
    (21) expression -> expression . OVER expression
    (22) expression -> expression . AND expression
    (23) expression -> expression . OR expression
    (24) expression -> expression . EQ expression
    (25) expression -> expression . GE expression
    (26) expression -> expression . LE expression
    (27) expression -> expression . GT expression
    (28) expression -> expression . LT expression
    (29) expression -> expression . ASSIGN_OP_WORD expression
    (31) expression -> expression . QUESTION

    PLUS            reduce using rule 19 (expression -> expression MINUS expression .)
    MINUS           reduce using rule 19 (expression -> expression MINUS expression .)
    AND             reduce using rule 19 (expression -> expression MINUS expression .)
    OR              reduce using rule 19 (expression -> expression MINUS expression .)
    EQ              reduce using rule 19 (expression -> expression MINUS expression .)
    GE              reduce using rule 19 (expression -> expression MINUS expression .)
    LE              reduce using rule 19 (expression -> expression MINUS expression .)
    GT              reduce using rule 19 (expression -> expression MINUS expression .)
    LT              reduce using rule 19 (expression -> expression MINUS expression .)
    ASSIGN_OP_WORD  reduce using rule 19 (expression -> expression MINUS expression .)
    QUESTION        reduce using rule 19 (expression -> expression MINUS expression .)
    AMERICA_GREAT   reduce using rule 19 (expression -> expression MINUS expression .)
    BREAK           reduce using rule 19 (expression -> expression MINUS expression .)
    ID              reduce using rule 19 (expression -> expression MINUS expression .)
    MAKE            reduce using rule 19 (expression -> expression MINUS expression .)
    PRINT           reduce using rule 19 (expression -> expression MINUS expression .)
    IF              reduce using rule 19 (expression -> expression MINUS expression .)
    AS_LONG_AS      reduce using rule 19 (expression -> expression MINUS expression .)
    RBRACE          reduce using rule 19 (expression -> expression MINUS expression .)
    LBRACE          reduce using rule 19 (expression -> expression MINUS expression .)
    RPAREN          reduce using rule 19 (expression -> expression MINUS expression .)
    TIMES           shift and go to state 35
    OVER            shift and go to state 36

  ! TIMES           [ reduce using rule 19 (expression -> expression MINUS expression .) ]
  ! OVER            [ reduce using rule 19 (expression -> expression MINUS expression .) ]
  ! PLUS            [ shift and go to state 33 ]
  ! MINUS           [ shift and go to state 34 ]
  ! AND             [ shift and go to state 37 ]
  ! OR              [ shift and go to state 38 ]
  ! EQ              [ shift and go to state 39 ]
  ! GE              [ shift and go to state 40 ]
  ! LE              [ shift and go to state 41 ]
  ! GT              [ shift and go to state 42 ]
  ! LT              [ shift and go to state 43 ]
  ! ASSIGN_OP_WORD  [ shift and go to state 44 ]
  ! QUESTION        [ shift and go to state 45 ]


state 52

    (20) expression -> expression TIMES expression .
    (18) expression -> expression . PLUS expression
    (19) expression -> expression . MINUS expression
    (20) expression -> expression . TIMES expression
    (21) expression -> expression . OVER expression
    (22) expression -> expression . AND expression
    (23) expression -> expression . OR expression
    (24) expression -> expression . EQ expression
    (25) expression -> expression . GE expression
    (26) expression -> expression . LE expression
    (27) expression -> expression . GT expression
    (28) expression -> expression . LT expression
    (29) expression -> expression . ASSIGN_OP_WORD expression
    (31) expression -> expression . QUESTION

    PLUS            reduce using rule 20 (expression -> expression TIMES expression .)
    MINUS           reduce using rule 20 (expression -> expression TIMES expression .)
    TIMES           reduce using rule 20 (expression -> expression TIMES expression .)
    OVER            reduce using rule 20 (expression -> expression TIMES expression .)
    AND             reduce using rule 20 (expression -> expression TIMES expression .)
    OR              reduce using rule 20 (expression -> expression TIMES expression .)
    EQ              reduce using rule 20 (expression -> expression TIMES expression .)
    GE              reduce using rule 20 (expression -> expression TIMES expression .)
    LE              reduce using rule 20 (expression -> expression TIMES expression .)
    GT              reduce using rule 20 (expression -> expression TIMES expression .)
    LT              reduce using rule 20 (expression -> expression TIMES expression .)
    ASSIGN_OP_WORD  reduce using rule 20 (expression -> expression TIMES expression .)
    QUESTION        reduce using rule 20 (expression -> expression TIMES expression .)
    AMERICA_GREAT   reduce using rule 20 (expression -> expression TIMES expression .)
    BREAK           reduce using rule 20 (expression -> expression TIMES expression .)
    ID              reduce using rule 20 (expression -> expression TIMES expression .)
    MAKE            reduce using rule 20 (expression -> expression TIMES expression .)
    PRINT           reduce using rule 20 (expression -> expression TIMES expression .)
    IF              reduce using rule 20 (expression -> expression TIMES expression .)
    AS_LONG_AS      reduce using rule 20 (expression -> expression TIMES expression .)
    RBRACE          reduce using rule 20 (expression -> expression TIMES expression .)
    LBRACE          reduce using rule 20 (expression -> expression TIMES expression .)
    RPAREN          reduce using rule 20 (expression -> expression TIMES expression .)

  ! PLUS            [ shift and go to state 33 ]
  ! MINUS           [ shift and go to state 34 ]
  ! TIMES           [ shift and go to state 35 ]
  ! OVER            [ shift and go to state 36 ]
  ! AND             [ shift and go to state 37 ]
  ! OR              [ shift and go to state 38 ]
  ! EQ              [ shift and go to state 39 ]
  ! GE              [ shift and go to state 40 ]
  ! LE              [ shift and go to state 41 ]
  ! GT              [ shift and go to state 42 ]
  ! LT              [ shift and go to state 43 ]
  ! ASSIGN_OP_WORD  [ shift and go to state 44 ]
  ! QUESTION        [ shift and go to state 45 ]


state 53

    (21) expression -> expression OVER expression .
    (18) expression -> expression . PLUS expression
    (19) expression -> expression . MINUS expression
    (20) expression -> expression . TIMES expression
    (21) expression -> expression . OVER expression
    (22) expression -> expression . AND expression
    (23) expression -> expression . OR expression
    (24) expression -> expression . EQ expression
    (25) expression -> expression . GE expression
    (26) expression -> expression . LE expression
    (27) expression -> expression . GT expression
    (28) expression -> expression . LT expression
    (29) expression -> expression . ASSIGN_OP_WORD expression
    (31) expression -> expression . QUESTION

    PLUS            reduce using rule 21 (expression -> expression OVER expression .)
    MINUS           reduce using rule 21 (expression -> expression OVER expression .)
    TIMES           reduce using rule 21 (expression -> expression OVER expression .)
    OVER            reduce using rule 21 (expression -> expression OVER expression .)
    AND             reduce using rule 21 (expression -> expression OVER expression .)
    OR              reduce using rule 21 (expression -> expression OVER expression .)
    EQ              reduce using rule 21 (expression -> expression OVER expression .)
    GE              reduce using rule 21 (expression -> expression OVER expression .)
    LE              reduce using rule 21 (expression -> expression OVER expression .)
    GT              reduce using rule 21 (expression -> expression OVER expression .)
    LT              reduce using rule 21 (expression -> expression OVER expression .)
    ASSIGN_OP_WORD  reduce using rule 21 (expression -> expression OVER expression .)
    QUESTION        reduce using rule 21 (expression -> expression OVER expression .)
    AMERICA_GREAT   reduce using rule 21 (expression -> expression OVER expression .)
    BREAK           reduce using rule 21 (expression -> expression OVER expression .)
    ID              reduce using rule 21 (expression -> expression OVER expression .)
    MAKE            reduce using rule 21 (expression -> expression OVER expression .)
    PRINT           reduce using rule 21 (expression -> expression OVER expression .)
    IF              reduce using rule 21 (expression -> expression OVER expression .)
    AS_LONG_AS      reduce using rule 21 (expression -> expression OVER expression .)
    RBRACE          reduce using rule 21 (expression -> expression OVER expression .)
    LBRACE          reduce using rule 21 (expression -> expression OVER expression .)
    RPAREN          reduce using rule 21 (expression -> expression OVER expression .)

  ! PLUS            [ shift and go to state 33 ]
  ! MINUS           [ shift and go to state 34 ]
  ! TIMES           [ shift and go to state 35 ]
  ! OVER            [ shift and go to state 36 ]
  ! AND             [ shift and go to state 37 ]
  ! OR              [ shift and go to state 38 ]
  ! EQ              [ shift and go to state 39 ]
  ! GE              [ shift and go to state 40 ]
  ! LE              [ shift and go to state 41 ]
  ! GT              [ shift and go to state 42 ]
  ! LT              [ shift and go to state 43 ]
  ! ASSIGN_OP_WORD  [ shift and go to state 44 ]
  ! QUESTION        [ shift and go to state 45 ]


state 54

    (22) expression -> expression AND expression .
    (18) expression -> expression . PLUS expression
    (19) expression -> expression . MINUS expression
    (20) expression -> expression . TIMES expression
    (21) expression -> expression . OVER expression
    (22) expression -> expression . AND expression
    (23) expression -> expression . OR expression
    (24) expression -> expression . EQ expression
    (25) expression -> expression . GE expression
    (26) expression -> expression . LE expression
    (27) expression -> expression . GT expression
    (28) expression -> expression . LT expression
    (29) expression -> expression . ASSIGN_OP_WORD expression
    (31) expression -> expression . QUESTION

    AND             reduce using rule 22 (expression -> expression AND expression .)
    OR              reduce using rule 22 (expression -> expression AND expression .)
    QUESTION        reduce using rule 22 (expression -> expression AND expression .)
    AMERICA_GREAT   reduce using rule 22 (expression -> expression AND expression .)
    BREAK           reduce using rule 22 (expression -> expression AND expression .)
    ID              reduce using rule 22 (expression -> expression AND expression .)
    MAKE            reduce using rule 22 (expression -> expression AND expression .)
    PRINT           reduce using rule 22 (expression -> expression AND expression .)
    IF              reduce using rule 22 (expression -> expression AND expression .)
    AS_LONG_AS      reduce using rule 22 (expression -> expression AND expression .)
    RBRACE          reduce using rule 22 (expression -> expression AND expression .)
    LBRACE          reduce using rule 22 (expression -> expression AND expression .)
    RPAREN          reduce using rule 22 (expression -> expression AND expression .)
    PLUS            shift and go to state 33
    MINUS           shift and go to state 34
    TIMES           shift and go to state 35
    OVER            shift and go to state 36
    EQ              shift and go to state 39
    GE              shift and go to state 40
    LE              shift and go to state 41
    GT              shift and go to state 42
    LT              shift and go to state 43
    ASSIGN_OP_WORD  shift and go to state 44

  ! PLUS            [ reduce using rule 22 (expression -> expression AND expression .) ]
  ! MINUS           [ reduce using rule 22 (expression -> expression AND expression .) ]
  ! TIMES           [ reduce using rule 22 (expression -> expression AND expression .) ]
  ! OVER            [ reduce using rule 22 (expression -> expression AND expression .) ]
  ! EQ              [ reduce using rule 22 (expression -> expression AND expression .) ]
  ! GE              [ reduce using rule 22 (expression -> expression AND expression .) ]
  ! LE              [ reduce using rule 22 (expression -> expression AND expression .) ]
  ! GT              [ reduce using rule 22 (expression -> expression AND expression .) ]
  ! LT              [ reduce using rule 22 (expression -> expression AND expression .) ]
  ! ASSIGN_OP_WORD  [ reduce using rule 22 (expression -> expression AND expression .) ]
  ! AND             [ shift and go to state 37 ]
  ! OR              [ shift and go to state 38 ]
  ! QUESTION        [ shift and go to state 45 ]


state 55

    (23) expression -> expression OR expression .
    (18) expression -> expression . PLUS expression
    (19) expression -> expression . MINUS expression
    (20) expression -> expression . TIMES expression
    (21) expression -> expression . OVER expression
    (22) expression -> expression . AND expression
    (23) expression -> expression . OR expression
    (24) expression -> expression . EQ expression
    (25) expression -> expression . GE expression
    (26) expression -> expression . LE expression
    (27) expression -> expression . GT expression
    (28) expression -> expression . LT expression
    (29) expression -> expression . ASSIGN_OP_WORD expression
    (31) expression -> expression . QUESTION

    OR              reduce using rule 23 (expression -> expression OR expression .)
    QUESTION        reduce using rule 23 (expression -> expression OR expression .)
    AMERICA_GREAT   reduce using rule 23 (expression -> expression OR expression .)
    BREAK           reduce using rule 23 (expression -> expression OR expression .)
    ID              reduce using rule 23 (expression -> expression OR expression .)
    MAKE            reduce using rule 23 (expression -> expression OR expression .)
    PRINT           reduce using rule 23 (expression -> expression OR expression .)
    IF              reduce using rule 23 (expression -> expression OR expression .)
    AS_LONG_AS      reduce using rule 23 (expression -> expression OR expression .)
    RBRACE          reduce using rule 23 (expression -> expression OR expression .)
    LBRACE          reduce using rule 23 (expression -> expression OR expression .)
    RPAREN          reduce using rule 23 (expression -> expression OR expression .)
    PLUS            shift and go to state 33
    MINUS           shift and go to state 34
    TIMES           shift and go to state 35
    OVER            shift and go to state 36
    AND             shift and go to state 37
    EQ              shift and go to state 39
    GE              shift and go to state 40
    LE              shift and go to state 41
    GT              shift and go to state 42
    LT              shift and go to state 43
    ASSIGN_OP_WORD  shift and go to state 44

  ! PLUS            [ reduce using rule 23 (expression -> expression OR expression .) ]
  ! MINUS           [ reduce using rule 23 (expression -> expression OR expression .) ]
  ! TIMES           [ reduce using rule 23 (expression -> expression OR expression .) ]
  ! OVER            [ reduce using rule 23 (expression -> expression OR expression .) ]
  ! AND             [ reduce using rule 23 (expression -> expression OR expression .) ]
  ! EQ              [ reduce using rule 23 (expression -> expression OR expression .) ]
  ! GE              [ reduce using rule 23 (expression -> expression OR expression .) ]
  ! LE              [ reduce using rule 23 (expression -> expression OR expression .) ]
  ! GT              [ reduce using rule 23 (expression -> expression OR expression .) ]
  ! LT              [ reduce using rule 23 (expression -> expression OR expression .) ]
  ! ASSIGN_OP_WORD  [ reduce using rule 23 (expression -> expression OR expression .) ]
  ! OR              [ shift and go to state 38 ]
  ! QUESTION        [ shift and go to state 45 ]


state 56

    (24) expression -> expression EQ expression .
    (18) expression -> expression . PLUS expression
    (19) expression -> expression . MINUS expression
    (20) expression -> expression . TIMES expression
    (21) expression -> expression . OVER expression
    (22) expression -> expression . AND expression
    (23) expression -> expression . OR expression
    (24) expression -> expression . EQ expression
    (25) expression -> expression . GE expression
    (26) expression -> expression . LE expression
    (27) expression -> expression . GT expression
    (28) expression -> expression . LT expression
    (29) expression -> expression . ASSIGN_OP_WORD expression
    (31) expression -> expression . QUESTION

    AND             reduce using rule 24 (expression -> expression EQ expression .)
    OR              reduce using rule 24 (expression -> expression EQ expression .)
    EQ              reduce using rule 24 (expression -> expression EQ expression .)
    GE              reduce using rule 24 (expression -> expression EQ expression .)
    LE              reduce using rule 24 (expression -> expression EQ expression .)
    GT              reduce using rule 24 (expression -> expression EQ expression .)
    LT              reduce using rule 24 (expression -> expression EQ expression .)
    ASSIGN_OP_WORD  reduce using rule 24 (expression -> expression EQ expression .)
    QUESTION        reduce using rule 24 (expression -> expression EQ expression .)
    AMERICA_GREAT   reduce using rule 24 (expression -> expression EQ expression .)
    BREAK           reduce using rule 24 (expression -> expression EQ expression .)
    ID              reduce using rule 24 (expression -> expression EQ expression .)
    MAKE            reduce using rule 24 (expression -> expression EQ expression .)
    PRINT           reduce using rule 24 (expression -> expression EQ expression .)
    IF              reduce using rule 24 (expression -> expression EQ expression .)
    AS_LONG_AS      reduce using rule 24 (expression -> expression EQ expression .)
    RBRACE          reduce using rule 24 (expression -> expression EQ expression .)
    LBRACE          reduce using rule 24 (expression -> expression EQ expression .)
    RPAREN          reduce using rule 24 (expression -> expression EQ expression .)
    PLUS            shift and go to state 33
    MINUS           shift and go to state 34
    TIMES           shift and go to state 35
    OVER            shift and go to state 36

  ! PLUS            [ reduce using rule 24 (expression -> expression EQ expression .) ]
  ! MINUS           [ reduce using rule 24 (expression -> expression EQ expression .) ]
  ! TIMES           [ reduce using rule 24 (expression -> expression EQ expression .) ]
  ! OVER            [ reduce using rule 24 (expression -> expression EQ expression .) ]
  ! AND             [ shift and go to state 37 ]
  ! OR              [ shift and go to state 38 ]
  ! EQ              [ shift and go to state 39 ]
  ! GE              [ shift and go to state 40 ]
  ! LE              [ shift and go to state 41 ]
  ! GT              [ shift and go to state 42 ]
  ! LT              [ shift and go to state 43 ]
  ! ASSIGN_OP_WORD  [ shift and go to state 44 ]
  ! QUESTION        [ shift and go to state 45 ]


state 57

    (25) expression -> expression GE expression .
    (18) expression -> expression . PLUS expression
    (19) expression -> expression . MINUS expression
    (20) expression -> expression . TIMES expression
    (21) expression -> expression . OVER expression
    (22) expression -> expression . AND expression
    (23) expression -> expression . OR expression
    (24) expression -> expression . EQ expression
    (25) expression -> expression . GE expression
    (26) expression -> expression . LE expression
    (27) expression -> expression . GT expression
    (28) expression -> expression . LT expression
    (29) expression -> expression . ASSIGN_OP_WORD expression
    (31) expression -> expression . QUESTION

    AND             reduce using rule 25 (expression -> expression GE expression .)
    OR              reduce using rule 25 (expression -> expression GE expression .)
    EQ              reduce using rule 25 (expression -> expression GE expression .)
    GE              reduce using rule 25 (expression -> expression GE expression .)
    LE              reduce using rule 25 (expression -> expression GE expression .)
    GT              reduce using rule 25 (expression -> expression GE expression .)
    LT              reduce using rule 25 (expression -> expression GE expression .)
    ASSIGN_OP_WORD  reduce using rule 25 (expression -> expression GE expression .)
    QUESTION        reduce using rule 25 (expression -> expression GE expression .)
    AMERICA_GREAT   reduce using rule 25 (expression -> expression GE expression .)
    BREAK           reduce using rule 25 (expression -> expression GE expression .)
    ID              reduce using rule 25 (expression -> expression GE expression .)
    MAKE            reduce using rule 25 (expression -> expression GE expression .)
    PRINT           reduce using rule 25 (expression -> expression GE expression .)
    IF              reduce using rule 25 (expression -> expression GE expression .)
    AS_LONG_AS      reduce using rule 25 (expression -> expression GE expression .)
    RBRACE          reduce using rule 25 (expression -> expression GE expression .)
    LBRACE          reduce using rule 25 (expression -> expression GE expression .)
    RPAREN          reduce using rule 25 (expression -> expression GE expression .)
    PLUS            shift and go to state 33
    MINUS           shift and go to state 34
    TIMES           shift and go to state 35
    OVER            shift and go to state 36

  ! PLUS            [ reduce using rule 25 (expression -> expression GE expression .) ]
  ! MINUS           [ reduce using rule 25 (expression -> expression GE expression .) ]
  ! TIMES           [ reduce using rule 25 (expression -> expression GE expression .) ]
  ! OVER            [ reduce using rule 25 (expression -> expression GE expression .) ]
  ! AND             [ shift and go to state 37 ]
  ! OR              [ shift and go to state 38 ]
  ! EQ              [ shift and go to state 39 ]
  ! GE              [ shift and go to state 40 ]
  ! LE              [ shift and go to state 41 ]
  ! GT              [ shift and go to state 42 ]
  ! LT              [ shift and go to state 43 ]
  ! ASSIGN_OP_WORD  [ shift and go to state 44 ]
  ! QUESTION        [ shift and go to state 45 ]


state 58

    (26) expression -> expression LE expression .
    (18) expression -> expression . PLUS expression
    (19) expression -> expression . MINUS expression
    (20) expression -> expression . TIMES expression
    (21) expression -> expression . OVER expression
    (22) expression -> expression . AND expression
    (23) expression -> expression . OR expression
    (24) expression -> expression . EQ expression
    (25) expression -> expression . GE expression
    (26) expression -> expression . LE expression
    (27) expression -> expression . GT expression
    (28) expression -> expression . LT expression
    (29) expression -> expression . ASSIGN_OP_WORD expression
    (31) expression -> expression . QUESTION

    AND             reduce using rule 26 (expression -> expression LE expression .)
    OR              reduce using rule 26 (expression -> expression LE expression .)
    EQ              reduce using rule 26 (expression -> expression LE expression .)
    GE              reduce using rule 26 (expression -> expression LE expression .)
    LE              reduce using rule 26 (expression -> expression LE expression .)
    GT              reduce using rule 26 (expression -> expression LE expression .)
    LT              reduce using rule 26 (expression -> expression LE expression .)
    ASSIGN_OP_WORD  reduce using rule 26 (expression -> expression LE expression .)
    QUESTION        reduce using rule 26 (expression -> expression LE expression .)
    AMERICA_GREAT   reduce using rule 26 (expression -> expression LE expression .)
    BREAK           reduce using rule 26 (expression -> expression LE expression .)
    ID              reduce using rule 26 (expression -> expression LE expression .)
    MAKE            reduce using rule 26 (expression -> expression LE expression .)
    PRINT           reduce using rule 26 (expression -> expression LE expression .)
    IF              reduce using rule 26 (expression -> expression LE expression .)
    AS_LONG_AS      reduce using rule 26 (expression -> expression LE expression .)
    RBRACE          reduce using rule 26 (expression -> expression LE expression .)
    LBRACE          reduce using rule 26 (expression -> expression LE expression .)
    RPAREN          reduce using rule 26 (expression -> expression LE expression .)
    PLUS            shift and go to state 33
    MINUS           shift and go to state 34
    TIMES           shift and go to state 35
    OVER            shift and go to state 36

  ! PLUS            [ reduce using rule 26 (expression -> expression LE expression .) ]
  ! MINUS           [ reduce using rule 26 (expression -> expression LE expression .) ]
  ! TIMES           [ reduce using rule 26 (expression -> expression LE expression .) ]
  ! OVER            [ reduce using rule 26 (expression -> expression LE expression .) ]
  ! AND             [ shift and go to state 37 ]
  ! OR              [ shift and go to state 38 ]
  ! EQ              [ shift and go to state 39 ]
  ! GE              [ shift and go to state 40 ]
  ! LE              [ shift and go to state 41 ]
  ! GT              [ shift and go to state 42 ]
  ! LT              [ shift and go to state 43 ]
  ! ASSIGN_OP_WORD  [ shift and go to state 44 ]
  ! QUESTION        [ shift and go to state 45 ]


state 59

    (27) expression -> expression GT expression .
    (18) expression -> expression . PLUS expression
    (19) expression -> expression . MINUS expression
    (20) expression -> expression . TIMES expression
    (21) expression -> expression . OVER expression
    (22) expression -> expression . AND expression
    (23) expression -> expression . OR expression
    (24) expression -> expression . EQ expression
    (25) expression -> expression . GE expression
    (26) expression -> expression . LE expression
    (27) expression -> expression . GT expression
    (28) expression -> expression . LT expression
    (29) expression -> expression . ASSIGN_OP_WORD expression
    (31) expression -> expression . QUESTION

    AND             reduce using rule 27 (expression -> expression GT expression .)
    OR              reduce using rule 27 (expression -> expression GT expression .)
    EQ              reduce using rule 27 (expression -> expression GT expression .)
    GE              reduce using rule 27 (expression -> expression GT expression .)
    LE              reduce using rule 27 (expression -> expression GT expression .)
    GT              reduce using rule 27 (expression -> expression GT expression .)
    LT              reduce using rule 27 (expression -> expression GT expression .)
    ASSIGN_OP_WORD  reduce using rule 27 (expression -> expression GT expression .)
    QUESTION        reduce using rule 27 (expression -> expression GT expression .)
    AMERICA_GREAT   reduce using rule 27 (expression -> expression GT expression .)
    BREAK           reduce using rule 27 (expression -> expression GT expression .)
    ID              reduce using rule 27 (expression -> expression GT expression .)
    MAKE            reduce using rule 27 (expression -> expression GT expression .)
    PRINT           reduce using rule 27 (expression -> expression GT expression .)
    IF              reduce using rule 27 (expression -> expression GT expression .)
    AS_LONG_AS      reduce using rule 27 (expression -> expression GT expression .)
    RBRACE          reduce using rule 27 (expression -> expression GT expression .)
    LBRACE          reduce using rule 27 (expression -> expression GT expression .)
    RPAREN          reduce using rule 27 (expression -> expression GT expression .)
    PLUS            shift and go to state 33
    MINUS           shift and go to state 34
    TIMES           shift and go to state 35
    OVER            shift and go to state 36

  ! PLUS            [ reduce using rule 27 (expression -> expression GT expression .) ]
  ! MINUS           [ reduce using rule 27 (expression -> expression GT expression .) ]
  ! TIMES           [ reduce using rule 27 (expression -> expression GT expression .) ]
  ! OVER            [ reduce using rule 27 (expression -> expression GT expression .) ]
  ! AND             [ shift and go to state 37 ]
  ! OR              [ shift and go to state 38 ]
  ! EQ              [ shift and go to state 39 ]
  ! GE              [ shift and go to state 40 ]
  ! LE              [ shift and go to state 41 ]
  ! GT              [ shift and go to state 42 ]
  ! LT              [ shift and go to state 43 ]
  ! ASSIGN_OP_WORD  [ shift and go to state 44 ]
  ! QUESTION        [ shift and go to state 45 ]


state 60

    (28) expression -> expression LT expression .
    (18) expression -> expression . PLUS expression
    (19) expression -> expression . MINUS expression
    (20) expression -> expression . TIMES expression
    (21) expression -> expression . OVER expression
    (22) expression -> expression . AND expression
    (23) expression -> expression . OR expression
    (24) expression -> expression . EQ expression
    (25) expression -> expression . GE expression
    (26) expression -> expression . LE expression
    (27) expression -> expression . GT expression
    (28) expression -> expression . LT expression
    (29) expression -> expression . ASSIGN_OP_WORD expression
    (31) expression -> expression . QUESTION

    AND             reduce using rule 28 (expression -> expression LT expression .)
    OR              reduce using rule 28 (expression -> expression LT expression .)
    EQ              reduce using rule 28 (expression -> expression LT expression .)
    GE              reduce using rule 28 (expression -> expression LT expression .)
    LE              reduce using rule 28 (expression -> expression LT expression .)
    GT              reduce using rule 28 (expression -> expression LT expression .)
    LT              reduce using rule 28 (expression -> expression LT expression .)
    ASSIGN_OP_WORD  reduce using rule 28 (expression -> expression LT expression .)
    QUESTION        reduce using rule 28 (expression -> expression LT expression .)
    AMERICA_GREAT   reduce using rule 28 (expression -> expression LT expression .)
    BREAK           reduce using rule 28 (expression -> expression LT expression .)
    ID              reduce using rule 28 (expression -> expression LT expression .)
    MAKE            reduce using rule 28 (expression -> expression LT expression .)
    PRINT           reduce using rule 28 (expression -> expression LT expression .)
    IF              reduce using rule 28 (expression -> expression LT expression .)
    AS_LONG_AS      reduce using rule 28 (expression -> expression LT expression .)
    RBRACE          reduce using rule 28 (expression -> expression LT expression .)
    LBRACE          reduce using rule 28 (expression -> expression LT expression .)
    RPAREN          reduce using rule 28 (expression -> expression LT expression .)
    PLUS            shift and go to state 33
    MINUS           shift and go to state 34
    TIMES           shift and go to state 35
    OVER            shift and go to state 36

  ! PLUS            [ reduce using rule 28 (expression -> expression LT expression .) ]
  ! MINUS           [ reduce using rule 28 (expression -> expression LT expression .) ]
  ! TIMES           [ reduce using rule 28 (expression -> expression LT expression .) ]
  ! OVER            [ reduce using rule 28 (expression -> expression LT expression .) ]
  ! AND             [ shift and go to state 37 ]
  ! OR              [ shift and go to state 38 ]
  ! EQ              [ shift and go to state 39 ]
  ! GE              [ shift and go to state 40 ]
  ! LE              [ shift and go to state 41 ]
  ! GT              [ shift and go to state 42 ]
  ! LT              [ shift and go to state 43 ]
  ! ASSIGN_OP_WORD  [ shift and go to state 44 ]
  ! QUESTION        [ shift and go to state 45 ]


state 61

    (29) expression -> expression ASSIGN_OP_WORD expression .
    (18) expression -> expression . PLUS expression
    (19) expression -> expression . MINUS expression
    (20) expression -> expression . TIMES expression
    (21) expression -> expression . OVER expression
    (22) expression -> expression . AND expression
    (23) expression -> expression . OR expression
    (24) expression -> expression . EQ expression
    (25) expression -> expression . GE expression
    (26) expression -> expression . LE expression
    (27) expression -> expression . GT expression
    (28) expression -> expression . LT expression
    (29) expression -> expression . ASSIGN_OP_WORD expression
    (31) expression -> expression . QUESTION

    AND             reduce using rule 29 (expression -> expression ASSIGN_OP_WORD expression .)
    OR              reduce using rule 29 (expression -> expression ASSIGN_OP_WORD expression .)
    EQ              reduce using rule 29 (expression -> expression ASSIGN_OP_WORD expression .)
    GE              reduce using rule 29 (expression -> expression ASSIGN_OP_WORD expression .)
    LE              reduce using rule 29 (expression -> expression ASSIGN_OP_WORD expression .)
    GT              reduce using rule 29 (expression -> expression ASSIGN_OP_WORD expression .)
    LT              reduce using rule 29 (expression -> expression ASSIGN_OP_WORD expression .)
    ASSIGN_OP_WORD  reduce using rule 29 (expression -> expression ASSIGN_OP_WORD expression .)
    QUESTION        reduce using rule 29 (expression -> expression ASSIGN_OP_WORD expression .)
    AMERICA_GREAT   reduce using rule 29 (expression -> expression ASSIGN_OP_WORD expression .)
    BREAK           reduce using rule 29 (expression -> expression ASSIGN_OP_WORD expression .)
    ID              reduce using rule 29 (expression -> expression ASSIGN_OP_WORD expression .)
    MAKE            reduce using rule 29 (expression -> expression ASSIGN_OP_WORD expression .)
    PRINT           reduce using rule 29 (expression -> expression ASSIGN_OP_WORD expression .)
    IF              reduce using rule 29 (expression -> expression ASSIGN_OP_WORD expression .)
    AS_LONG_AS      reduce using rule 29 (expression -> expression ASSIGN_OP_WORD expression .)
    RBRACE          reduce using rule 29 (expression -> expression ASSIGN_OP_WORD expression .)
    LBRACE          reduce using rule 29 (expression -> expression ASSIGN_OP_WORD expression .)
    RPAREN          reduce using rule 29 (expression -> expression ASSIGN_OP_WORD expression .)
    PLUS            shift and go to state 33
    MINUS           shift and go to state 34
    TIMES           shift and go to state 35
    OVER            shift and go to state 36

  ! PLUS            [ reduce using rule 29 (expression -> expression ASSIGN_OP_WORD expression .) ]
  ! MINUS           [ reduce using rule 29 (expression -> expression ASSIGN_OP_WORD expression .) ]
  ! TIMES           [ reduce using rule 29 (expression -> expression ASSIGN_OP_WORD expression .) ]
  ! OVER            [ reduce using rule 29 (expression -> expression ASSIGN_OP_WORD expression .) ]
  ! AND             [ shift and go to state 37 ]
  ! OR              [ shift and go to state 38 ]
  ! EQ              [ shift and go to state 39 ]
  ! GE              [ shift and go to state 40 ]
  ! LE              [ shift and go to state 41 ]
  ! GT              [ shift and go to state 42 ]
  ! LT              [ shift and go to state 43 ]
  ! ASSIGN_OP_WORD  [ shift and go to state 44 ]
  ! QUESTION        [ shift and go to state 45 ]


state 62

    (32) expression -> LPAREN expression RPAREN .

    PLUS            reduce using rule 32 (expression -> LPAREN expression RPAREN .)
    MINUS           reduce using rule 32 (expression -> LPAREN expression RPAREN .)
    TIMES           reduce using rule 32 (expression -> LPAREN expression RPAREN .)
    OVER            reduce using rule 32 (expression -> LPAREN expression RPAREN .)
    AND             reduce using rule 32 (expression -> LPAREN expression RPAREN .)
    OR              reduce using rule 32 (expression -> LPAREN expression RPAREN .)
    EQ              reduce using rule 32 (expression -> LPAREN expression RPAREN .)
    GE              reduce using rule 32 (expression -> LPAREN expression RPAREN .)
    LE              reduce using rule 32 (expression -> LPAREN expression RPAREN .)
    GT              reduce using rule 32 (expression -> LPAREN expression RPAREN .)
    LT              reduce using rule 32 (expression -> LPAREN expression RPAREN .)
    ASSIGN_OP_WORD  reduce using rule 32 (expression -> LPAREN expression RPAREN .)
    QUESTION        reduce using rule 32 (expression -> LPAREN expression RPAREN .)
    AMERICA_GREAT   reduce using rule 32 (expression -> LPAREN expression RPAREN .)
    BREAK           reduce using rule 32 (expression -> LPAREN expression RPAREN .)
    ID              reduce using rule 32 (expression -> LPAREN expression RPAREN .)
    MAKE            reduce using rule 32 (expression -> LPAREN expression RPAREN .)
    PRINT           reduce using rule 32 (expression -> LPAREN expression RPAREN .)
    IF              reduce using rule 32 (expression -> LPAREN expression RPAREN .)
    AS_LONG_AS      reduce using rule 32 (expression -> LPAREN expression RPAREN .)
    RBRACE          reduce using rule 32 (expression -> LPAREN expression RPAREN .)
    LBRACE          reduce using rule 32 (expression -> LPAREN expression RPAREN .)
    RPAREN          reduce using rule 32 (expression -> LPAREN expression RPAREN .)


state 63

    (14) if_statement -> IF expression LBRACE body . RBRACE
    (15) if_statement -> IF expression LBRACE body . RBRACE ELSE LBRACE body RBRACE
    (16) if_statement -> IF expression LBRACE body . RBRACE ELSE if_statement
    (4) body -> body . statement
    (5) statement -> . assignment
    (6) statement -> . print_statement
    (7) statement -> . if_statement
    (8) statement -> . loop_statement
    (9) statement -> . BREAK
    (10) assignment -> . ID ASSIGN_OP_SIGN expression
    (11) assignment -> . ID ASSIGN_OP_WORD expression
    (12) assignment -> . MAKE ID expression
    (13) print_statement -> . PRINT expression
    (14) if_statement -> . IF expression LBRACE body RBRACE
    (15) if_statement -> . IF expression LBRACE body RBRACE ELSE LBRACE body RBRACE
    (16) if_statement -> . IF expression LBRACE body RBRACE ELSE if_statement
    (17) loop_statement -> . AS_LONG_AS expression LBRACE body RBRACE

    RBRACE          shift and go to state 65
    BREAK           shift and go to state 9
    ID              shift and go to state 10
    MAKE            shift and go to state 11
    PRINT           shift and go to state 12
    IF              shift and go to state 13
    AS_LONG_AS      shift and go to state 14

    if_statement                   shift and go to state 7
    statement                      shift and go to state 16
    assignment                     shift and go to state 5
    print_statement                shift and go to state 6
    loop_statement                 shift and go to state 8

state 64

    (17) loop_statement -> AS_LONG_AS expression LBRACE body . RBRACE
    (4) body -> body . statement
    (5) statement -> . assignment
    (6) statement -> . print_statement
    (7) statement -> . if_statement
    (8) statement -> . loop_statement
    (9) statement -> . BREAK
    (10) assignment -> . ID ASSIGN_OP_SIGN expression
    (11) assignment -> . ID ASSIGN_OP_WORD expression
    (12) assignment -> . MAKE ID expression
    (13) print_statement -> . PRINT expression
    (14) if_statement -> . IF expression LBRACE body RBRACE
    (15) if_statement -> . IF expression LBRACE body RBRACE ELSE LBRACE body RBRACE
    (16) if_statement -> . IF expression LBRACE body RBRACE ELSE if_statement
    (17) loop_statement -> . AS_LONG_AS expression LBRACE body RBRACE

    RBRACE          shift and go to state 66
    BREAK           shift and go to state 9
    ID              shift and go to state 10
    MAKE            shift and go to state 11
    PRINT           shift and go to state 12
    IF              shift and go to state 13
    AS_LONG_AS      shift and go to state 14

    statement                      shift and go to state 16
    assignment                     shift and go to state 5
    print_statement                shift and go to state 6
    if_statement                   shift and go to state 7
    loop_statement                 shift and go to state 8

state 65

    (14) if_statement -> IF expression LBRACE body RBRACE .
    (15) if_statement -> IF expression LBRACE body RBRACE . ELSE LBRACE body RBRACE
    (16) if_statement -> IF expression LBRACE body RBRACE . ELSE if_statement

    AMERICA_GREAT   reduce using rule 14 (if_statement -> IF expression LBRACE body RBRACE .)
    BREAK           reduce using rule 14 (if_statement -> IF expression LBRACE body RBRACE .)
    ID              reduce using rule 14 (if_statement -> IF expression LBRACE body RBRACE .)
    MAKE            reduce using rule 14 (if_statement -> IF expression LBRACE body RBRACE .)
    PRINT           reduce using rule 14 (if_statement -> IF expression LBRACE body RBRACE .)
    IF              reduce using rule 14 (if_statement -> IF expression LBRACE body RBRACE .)
    AS_LONG_AS      reduce using rule 14 (if_statement -> IF expression LBRACE body RBRACE .)
    RBRACE          reduce using rule 14 (if_statement -> IF expression LBRACE body RBRACE .)
    ELSE            shift and go to state 67


state 66

    (17) loop_statement -> AS_LONG_AS expression LBRACE body RBRACE .

    AMERICA_GREAT   reduce using rule 17 (loop_statement -> AS_LONG_AS expression LBRACE body RBRACE .)
    BREAK           reduce using rule 17 (loop_statement -> AS_LONG_AS expression LBRACE body RBRACE .)
    ID              reduce using rule 17 (loop_statement -> AS_LONG_AS expression LBRACE body RBRACE .)
    MAKE            reduce using rule 17 (loop_statement -> AS_LONG_AS expression LBRACE body RBRACE .)
    PRINT           reduce using rule 17 (loop_statement -> AS_LONG_AS expression LBRACE body RBRACE .)
    IF              reduce using rule 17 (loop_statement -> AS_LONG_AS expression LBRACE body RBRACE .)
    AS_LONG_AS      reduce using rule 17 (loop_statement -> AS_LONG_AS expression LBRACE body RBRACE .)
    RBRACE          reduce using rule 17 (loop_statement -> AS_LONG_AS expression LBRACE body RBRACE .)


state 67

    (15) if_statement -> IF expression LBRACE body RBRACE ELSE . LBRACE body RBRACE
    (16) if_statement -> IF expression LBRACE body RBRACE ELSE . if_statement
    (14) if_statement -> . IF expression LBRACE body RBRACE
    (15) if_statement -> . IF expression LBRACE body RBRACE ELSE LBRACE body RBRACE
    (16) if_statement -> . IF expression LBRACE body RBRACE ELSE if_statement

    LBRACE          shift and go to state 68
    IF              shift and go to state 13

    if_statement                   shift and go to state 69

state 68

    (15) if_statement -> IF expression LBRACE body RBRACE ELSE LBRACE . body RBRACE
    (3) body -> . statement
    (4) body -> . body statement
    (5) statement -> . assignment
    (6) statement -> . print_statement
    (7) statement -> . if_statement
    (8) statement -> . loop_statement
    (9) statement -> . BREAK
    (10) assignment -> . ID ASSIGN_OP_SIGN expression
    (11) assignment -> . ID ASSIGN_OP_WORD expression
    (12) assignment -> . MAKE ID expression
    (13) print_statement -> . PRINT expression
    (14) if_statement -> . IF expression LBRACE body RBRACE
    (15) if_statement -> . IF expression LBRACE body RBRACE ELSE LBRACE body RBRACE
    (16) if_statement -> . IF expression LBRACE body RBRACE ELSE if_statement
    (17) loop_statement -> . AS_LONG_AS expression LBRACE body RBRACE

    BREAK           shift and go to state 9
    ID              shift and go to state 10
    MAKE            shift and go to state 11
    PRINT           shift and go to state 12
    IF              shift and go to state 13
    AS_LONG_AS      shift and go to state 14

    body                           shift and go to state 70
    statement                      shift and go to state 4
    assignment                     shift and go to state 5
    print_statement                shift and go to state 6
    if_statement                   shift and go to state 7
    loop_statement                 shift and go to state 8

state 69

    (16) if_statement -> IF expression LBRACE body RBRACE ELSE if_statement .

    AMERICA_GREAT   reduce using rule 16 (if_statement -> IF expression LBRACE body RBRACE ELSE if_statement .)
    BREAK           reduce using rule 16 (if_statement -> IF expression LBRACE body RBRACE ELSE if_statement .)
    ID              reduce using rule 16 (if_statement -> IF expression LBRACE body RBRACE ELSE if_statement .)
    MAKE            reduce using rule 16 (if_statement -> IF expression LBRACE body RBRACE ELSE if_statement .)
    PRINT           reduce using rule 16 (if_statement -> IF expression LBRACE body RBRACE ELSE if_statement .)
    IF              reduce using rule 16 (if_statement -> IF expression LBRACE body RBRACE ELSE if_statement .)
    AS_LONG_AS      reduce using rule 16 (if_statement -> IF expression LBRACE body RBRACE ELSE if_statement .)
    RBRACE          reduce using rule 16 (if_statement -> IF expression LBRACE body RBRACE ELSE if_statement .)


state 70

    (15) if_statement -> IF expression LBRACE body RBRACE ELSE LBRACE body . RBRACE
    (4) body -> body . statement
    (5) statement -> . assignment
    (6) statement -> . print_statement
    (7) statement -> . if_statement
    (8) statement -> . loop_statement
    (9) statement -> . BREAK
    (10) assignment -> . ID ASSIGN_OP_SIGN expression
    (11) assignment -> . ID ASSIGN_OP_WORD expression
    (12) assignment -> . MAKE ID expression
    (13) print_statement -> . PRINT expression
    (14) if_statement -> . IF expression LBRACE body RBRACE
    (15) if_statement -> . IF expression LBRACE body RBRACE ELSE LBRACE body RBRACE
    (16) if_statement -> . IF expression LBRACE body RBRACE ELSE if_statement
    (17) loop_statement -> . AS_LONG_AS expression LBRACE body RBRACE

    RBRACE          shift and go to state 71
    BREAK           shift and go to state 9
    ID              shift and go to state 10
    MAKE            shift and go to state 11
    PRINT           shift and go to state 12
    IF              shift and go to state 13
    AS_LONG_AS      shift and go to state 14

    statement                      shift and go to state 16
    assignment                     shift and go to state 5
    print_statement                shift and go to state 6
    if_statement                   shift and go to state 7
    loop_statement                 shift and go to state 8

state 71

    (15) if_statement -> IF expression LBRACE body RBRACE ELSE LBRACE body RBRACE .

    AMERICA_GREAT   reduce using rule 15 (if_statement -> IF expression LBRACE body RBRACE ELSE LBRACE body RBRACE .)
    BREAK           reduce using rule 15 (if_statement -> IF expression LBRACE body RBRACE ELSE LBRACE body RBRACE .)
    ID              reduce using rule 15 (if_statement -> IF expression LBRACE body RBRACE ELSE LBRACE body RBRACE .)
    MAKE            reduce using rule 15 (if_statement -> IF expression LBRACE body RBRACE ELSE LBRACE body RBRACE .)
    PRINT           reduce using rule 15 (if_statement -> IF expression LBRACE body RBRACE ELSE LBRACE body RBRACE .)
    IF              reduce using rule 15 (if_statement -> IF expression LBRACE body RBRACE ELSE LBRACE body RBRACE .)
    AS_LONG_AS      reduce using rule 15 (if_statement -> IF expression LBRACE body RBRACE ELSE LBRACE body RBRACE .)
    RBRACE          reduce using rule 15 (if_statement -> IF expression LBRACE body RBRACE ELSE LBRACE body RBRACE .)

